cliente_id,nombre,email,telefono,ciudad,provincia,fecha_registro,segmento,acepta_marketing,edad,genero
C00001,Valentina Lopez Acosta,malena17@example.net,+54 15 2708 0132,Chilecito,Santa Fe,2024-04-21,Recurrente,True,58,F
C00002,Delfina Ruiz,ygonzalez@example.com,+54 9 3546 8723,Rawson,Mendoza,2022-11-07,Recurrente,True,22,F
C00003,Clara Molina Cardozo,hgimenez@example.org,+54 15 2481 2191,San Salvador de Jujuy,Salta,2022-11-05,Nuevo,True,36,F
C00004,Nahiara Jazmin Ortiz Silva,floresmaria-victoria@example.net,+54 9 3343 5346,San Juan,CABA,2022-10-11,Recurrente,True,47,M
C00005,Facundo Alexander Maidana Gonzalez,rodriguezdelfina@example.com,+54 15 2851 3542,Rosario,Misiones,2025-02-06,VIP,True,69,M
C00006,Dr(a). Tomas Olivera,carrizolautaro-benjamin@example.net,+54 15 2524 1182,Corrientes,Córdoba,2025-03-26,Recurrente,True,27,Otro/Prefiero no decir
C00007,Sr(a). Lucio Diaz,juan-bautista40@example.org,+54 9 3340 0524,Merlo,Salta,2025-02-25,Nuevo,False,39,Otro/Prefiero no decir
C00008,Nicolas Flores,leivahelena@example.org,+54 15 2159 8262,Corrientes,CABA,2022-08-28,Recurrente,True,33,M
C00009,Tiziano Valentin Violeta Guzman Mendoza,vicentesosa@example.net,+54 9 3192 3226,Resistencia,Salta,2023-06-16,Recurrente,True,41,F
C00010,Sofia Belen Renata Carrizo Ponce,maiagomez@example.org,+54 9 3433 7543,Constitución,Mendoza,2023-08-11,Recurrente,False,61,M
C00011,Camila Victoria Rodriguez,santino-benjamin68@example.com,+54 15 2214 2940,Viedma,Río Negro,2025-09-16,Recurrente,True,24,M
C00012,Lautaro Caceres,alvarezdante@example.com,+54 15 2760 8835,Mar del Plata,Entre Ríos,2024-05-12,Nuevo,False,60,Otro/Prefiero no decir
C00013,Julian Antonella Gomez Mendoza,sromero@example.com,+54 15 2536 6299,San Salvador de Jujuy,Neuquén,2024-08-23,VIP,True,55,M
C00014,Sr(a). Julieta Diaz,valentin73@example.net,+54 9 3221 4895,Rosario,Tucumán,2025-10-04,Recurrente,False,60,F
C00015,Felicitas Francisco Diaz,dylan-benjamincabrera@example.org,+54 9 3469 3676,San Ferando del Valle de Catamarca,Neuquén,2022-09-18,Recurrente,True,53,F
C00016,Uma Guzman Cruz,joaquincampos@example.net,+54 9 3808 3172,San Juan,Tucumán,2025-09-24,VIP,False,71,M
C00017,Dr(a). Maria Guadalupe Paez,jrivero@example.com,+54 15 2877 4348,Salta,Río Negro,2025-01-25,Inactivo,True,60,F
C00018,Victoria Bautista Garcia,luciano-benjamin12@example.org,+54 15 2662 3166,Posadas,Tucumán,2023-09-14,Nuevo,True,31,F
C00019,Ciro Diaz,mendezbautista-benjamin@example.com,+54 9 3905 4668,Santa Fe,Salta,2024-04-18,Nuevo,False,27,F
C00020,Sr(a). Pilar Perez,rromero@example.com,+54 15 2172 9806,Mar del Plata,CABA,2024-07-23,Recurrente,True,65,M
C00021,Valentino Medina,dromero@example.com,+54 9 3164 6417,Merlo,Buenos Aires,2022-10-26,Recurrente,False,57,F
C00022,Sr(a). Angel Gabriel Sosa,navarromaria-guadalupe@example.org,+54 15 2492 3271,La Rioja,Entre Ríos,2025-03-20,Nuevo,True,62,M
C00023,Camilo Mateo Juarez Cardozo,ciro-benjamingomez@example.org,+54 9 3496 6319,Bahía Blanca,Santa Fe,2023-01-28,Recurrente,True,41,M
C00024,Mia Jazmin Juan Martin Gomez Velazquez,julia51@example.net,+54 9 3806 7165,San Luis,Córdoba,2025-09-30,Inactivo,True,66,M
C00025,Lorenzo Maria Paz Martin,umedina@example.net,+54 9 3853 1473,Neuquén,Salta,2023-09-12,Nuevo,True,69,M
C00026,Dr(a). Alma Aguirre,zdiaz@example.com,+54 9 3449 4808,Mar del Plata,Córdoba,2023-12-01,Recurrente,False,46,F
C00027,Joaquín Pilar Navarro,bacosta@example.org,+54 9 3836 3495,Posadas,Mendoza,2025-05-18,VIP,True,44,Otro/Prefiero no decir
C00028,Dr(a). Pedro Villalba,qperez@example.org,+54 15 2435 1823,Merlo,Córdoba,2023-12-10,VIP,True,34,F
C00029,Victoria Nuñez,giovanni34@example.org,+54 9 3124 0824,La Plata,Salta,2025-08-28,VIP,True,24,M
C00030,Dr(a). Genaro Fernandez,agomez@example.net,+54 9 3577 7520,Santiago del Estero,Chaco,2026-02-02,VIP,True,66,F
C00031,Juan Ignacio Rodriguez,fernandeznina@example.com,+54 15 2431 8699,Río Gallegos,Salta,2024-08-01,Inactivo,True,45,F
C00032,Dr(a). Tomàs Benitez,nsanchez@example.org,+54 15 2333 4123,Posadas,Córdoba,2026-01-21,VIP,False,19,F
C00033,Mateo Ramirez Ledesma,martinezlucia@example.net,+54 9 3213 4936,Posadas,Entre Ríos,2024-06-30,Recurrente,True,23,F
C00034,Lara Luz Maria Rivero,solluna@example.net,+54 9 3971 7464,Posadas,Buenos Aires,2022-11-26,Recurrente,True,63,M
C00035,Simon Luna,juan-martin01@example.org,+54 15 2849 0278,San Miguel de Tucumán,Santa Fe,2026-03-05,Nuevo,True,71,F
C00036,Joaquin Maria Victoria Godoy Aguirre,lola51@example.org,+54 9 3867 4680,Mar del Plata,Santa Fe,2022-12-25,VIP,True,57,F
C00037,Valentina Juan Ignacio Ramos Guzman,dominguezjuan-pablo@example.com,+54 15 2138 5977,Rawson,CABA,2025-12-01,Nuevo,True,27,M
C00038,Manuel Dylan Benitez Quiroga,palomasanchez@example.org,+54 9 3813 1712,San Miguel de Tucumán,Misiones,2023-02-07,Recurrente,True,67,F
C00039,Bianca Victoria Miranda Chavez,oliviaayala@example.net,+54 15 2114 6584,Corrientes,Mendoza,2023-08-05,Nuevo,True,58,M
C00040,Luana Clara Dominguez Guzman,jromero@example.net,+54 9 3475 3396,Santiago del Estero,Salta,2024-05-27,Nuevo,False,49,M
C00041,Martina Villalba,qalvarez@example.net,+54 15 2270 2895,Santiago del Estero,Buenos Aires,2025-06-09,Recurrente,True,63,F
C00042,Santino Bustos,renataferreyra@example.org,+54 15 2674 5961,Santiago del Estero,Entre Ríos,2022-09-05,Nuevo,True,54,F
C00043,Dr(a). Benjamin Alejandro Morales,chernandez@example.net,+54 15 2234 3161,La Rioja,Río Negro,2026-03-02,Recurrente,True,41,F
C00044,Juliana Alvaro Gonzalez,benicio62@example.org,+54 9 3792 2219,Viedma,Chaco,2025-10-20,Recurrente,False,50,M
C00045,Guillermina Maria Victoria Martinez,aperez@example.com,+54 9 3582 1759,Salta,Entre Ríos,2025-03-02,VIP,True,42,Otro/Prefiero no decir
C00046,Helena Medina,groldan@example.org,+54 9 3795 9440,Córdoba,Mendoza,2023-10-29,Recurrente,True,22,F
C00047,Tiziano Castillo Villalba,smiranda@example.org,+54 9 3133 9421,Corrientes,Misiones,2022-10-24,Recurrente,True,55,M
C00048,Martina Torres,juan-cruz62@example.org,+54 15 2585 8842,San Miguel de Tucumán,Tucumán,2023-02-21,Nuevo,True,39,M
C00049,Nahiara Garcia,herrerabautista@example.org,+54 9 3985 1604,Bahía Blanca,Santa Fe,2026-02-05,VIP,False,62,F
C00050,Guadalupe Cardozo,xpaz@example.org,+54 15 2470 9859,Salta,Santa Fe,2023-09-01,VIP,True,67,M
C00051,Juan Manuel Medina Quiroga,fernandezrosario@example.com,+54 9 3811 3826,Formosa,Buenos Aires,2025-03-19,Nuevo,True,30,M
C00052,Dr(a). Salvador Ojeda,mirandamora@example.com,+54 15 2253 7735,San Juan,Tucumán,2026-02-27,Inactivo,True,70,M
C00053,Manuel Maria Belen Sosa Ruiz,duarteantonia@example.org,+54 15 2490 0532,Mar del Plata,Mendoza,2023-05-18,Nuevo,True,36,F
C00054,Sr(a). Maria Victoria Correa,francescoluna@example.com,+54 15 2328 4210,Constitución,Buenos Aires,2023-07-20,VIP,True,25,M
C00055,Francesco Emma Sanchez Lopez,vpereyra@example.org,+54 9 3975 8917,Comodoro Rivadavia,Entre Ríos,2022-10-29,VIP,False,75,Otro/Prefiero no decir
C00056,Sr(a). Ian Benjamin Bustos,malena00@example.com,+54 9 3661 7711,Viedma,Tucumán,2025-04-02,Inactivo,True,49,F
C00057,Bautista Victoria Godoy,olivia98@example.com,+54 9 3489 6118,Santa Rosa,Chaco,2024-10-23,Nuevo,True,45,F
C00058,Tomas Benjamin Ramirez,gramirez@example.com,+54 9 3254 5271,Rosario,Neuquén,2025-12-04,Inactivo,True,36,F
C00059,Catalina Gomez Ponce,nunezlucas@example.com,+54 15 2565 6049,Formosa,CABA,2025-11-11,Recurrente,True,46,M
C00060,Dante Diaz Ferreyra,sosalautaro-benjamin@example.org,+54 9 3993 6899,Constitución,Entre Ríos,2023-07-07,Nuevo,True,46,F
C00061,Dr(a). Martina Perez,lautaro22@example.net,+54 9 3712 0183,Santa Rosa,Tucumán,2025-08-31,Recurrente,True,58,Otro/Prefiero no decir
C00062,Alma Torres,cruzfelipe@example.net,+54 15 2814 7679,Santa Rosa,Buenos Aires,2025-07-03,Nuevo,True,41,M
C00063,Delfina Agustina Romero Gomez,tpereyra@example.org,+54 15 2469 0034,Río Gallegos,Misiones,2025-04-30,Recurrente,False,27,M
C00064,Bautista Benjamin Emilia Gomez,ylopez@example.net,+54 15 2788 5160,Constitución,Río Negro,2024-08-09,VIP,True,22,F
C00065,Mateo Valentin Guzman,avega@example.com,+54 15 2660 5297,Mar del Plata,Río Negro,2024-12-02,Recurrente,True,54,F
C00066,Juan Gabriel Martinez,ruizjosefina@example.com,+54 15 2952 1818,Rawson,Santa Fe,2024-12-21,Recurrente,False,41,F
C00067,Lautaro Gino Moreno Fernandez,santiago92@example.net,+54 15 2627 7997,Santiago del Estero,CABA,2023-01-11,Recurrente,True,43,F
C00068,Felipe Bautista Benitez Sanchez,sosabautista@example.com,+54 9 3900 5411,San Salvador de Jujuy,Mendoza,2023-09-19,Nuevo,True,65,F
C00069,Clara Moyano,acostaalma-valentina@example.net,+54 15 2859 7820,Bahía Blanca,Chaco,2025-07-28,Recurrente,True,34,M
C00070,Lautaro Nahuel Catalina Moreno Gonzalez,npereyra@example.org,+54 9 3154 6659,Santa Fe,Misiones,2025-06-12,Recurrente,False,36,M
C00071,Bautista Catalina Peralta Garcia,ignacionunez@example.org,+54 9 3946 2914,San Salvador de Jujuy,Salta,2025-07-06,Nuevo,True,22,F
C00072,Zoe Valentina Valentina  Rivero Ponce,morenopedro@example.com,+54 15 2454 2357,Comodoro Rivadavia,Misiones,2025-05-11,Recurrente,True,61,Otro/Prefiero no decir
C00073,Felipe Juana Caceres,dominguezthiago-lionel@example.net,+54 15 2396 2229,Merlo,Tucumán,2024-08-24,Recurrente,False,53,M
C00074,Martina Torres,wcabrera@example.net,+54 9 3638 3473,San Juan,Mendoza,2025-06-30,VIP,False,62,M
C00075,Dr(a). Malena Garcia,mmartin@example.net,+54 15 2940 7581,Santiago del Estero,Tucumán,2024-02-22,Recurrente,True,30,M
C00076,Emilia Coronel Perez,ludmilagomez@example.org,+54 9 3650 6068,Comodoro Rivadavia,Córdoba,2026-03-28,VIP,True,53,M
C00077,Priscila Torres,mansillalara@example.org,+54 15 2104 7277,Ushuaia,Salta,2022-09-24,VIP,True,57,M
C00078,Benjamin Diaz Fernandez,sgomez@example.org,+54 9 3210 3697,Bahía Blanca,CABA,2026-05-18,Recurrente,False,64,F
C00079,Matias Gonzalez,luciogarcia@example.org,+54 9 3639 6218,Mar del Plata,Entre Ríos,2024-09-04,VIP,False,22,F
C00080,Sr(a). Francesca Herrera,valentina05@example.org,+54 9 3631 9520,Posadas,Tucumán,2025-02-27,Recurrente,True,61,M
C00081,Zoe Valentina Joaquin Vargas Medina,ninarodriguez@example.com,+54 15 2543 0305,Mendoza,Santa Fe,2025-05-25,VIP,False,58,M
C00082,Juan Sebastian Molina,emiliaguzman@example.org,+54 9 3741 5667,Paraná,Santa Fe,2023-08-19,Recurrente,False,21,M
C00083,Guillermina Guillermina Blanco,ojedabautista@example.net,+54 15 2584 5115,Corrientes,Chaco,2024-09-10,Nuevo,True,38,M
C00084,Juan Martin Flores,tomas59@example.com,+54 9 3101 6582,San Ferando del Valle de Catamarca,Córdoba,2025-05-17,Recurrente,False,75,F
C00085,Dr(a). Martina Rodriguez,guadalupe90@example.net,+54 15 2375 5719,Mendoza,CABA,2025-09-24,Nuevo,True,53,F
C00086,Camila Lara Martinez Gomez,jgutierrez@example.org,+54 9 3447 3947,Bahía Blanca,Río Negro,2025-07-23,Recurrente,True,50,M
C00087,Elena Facundo Mendoza,correanahiara@example.com,+54 9 3318 8442,Santa Fe,Neuquén,2024-05-25,Inactivo,True,60,M
C00088,Bianca Juan Ignacio Diaz Fernandez,sosafranco@example.com,+54 15 2991 1467,Santa Rosa,Neuquén,2025-10-11,Recurrente,False,20,M
C00089,Gael Rodriguez,acostaagostina@example.com,+54 15 2189 2268,Rosario,Buenos Aires,2026-07-04,Nuevo,False,67,M
C00090,Maximo Sanchez Lopez,lautaroacuna@example.com,+54 15 2943 8424,Mar del Plata,Río Negro,2026-05-10,Nuevo,True,57,M
C00091,Sr(a). Mia Silva,valentina-jazmin90@example.org,+54 15 2109 4396,Chilecito,Salta,2023-04-21,VIP,True,59,Otro/Prefiero no decir
C00092,Dr(a). Santino Benjamin Sanchez,egarcia@example.net,+54 15 2627 6773,Viedma,Salta,2023-08-06,Nuevo,False,43,F
C00093,Josefina Lucio Ponce,xfernandez@example.net,+54 15 2453 7147,San Ferando del Valle de Catamarca,CABA,2026-01-22,Recurrente,True,44,M
C00094,Isabella Leiva Guzman,zoe-valentinamaidana@example.net,+54 9 3532 7877,Chilecito,Córdoba,2024-04-15,Recurrente,True,73,M
C00095,Catalina Ruiz Medina,isabella47@example.net,+54 9 3548 0162,Merlo,Misiones,2023-07-31,Inactivo,True,43,F
C00096,Bautista Benjamin Guadalupe Ruiz Ortiz,bautista87@example.net,+54 9 3699 1216,Santa Fe,Tucumán,2023-05-25,Recurrente,True,33,F
C00097,Lautaro Benjamin Guadalupe Fernandez Juarez,gonzalezvalentino@example.com,+54 9 3687 2982,San Miguel de Tucumán,Mendoza,2024-03-22,Recurrente,True,21,F
C00098,Dr(a). Mateo Olivera,mia88@example.net,+54 9 3294 7055,Santa Rosa,Entre Ríos,2025-07-29,VIP,True,73,M
C00099,Dr(a). Violeta Muñoz,lunathiago-benjamin@example.net,+54 15 2709 7289,San Ferando del Valle de Catamarca,Tucumán,2025-05-15,Inactivo,False,30,M
C00100,Martina Santino Agustin Gomez,ciro63@example.com,+54 9 3802 8385,Mendoza,Salta,2022-09-10,Inactivo,True,74,F
C00101,Josefina Lopez,manuel49@example.com,+54 15 2534 8434,San Luis,Buenos Aires,2026-04-07,Nuevo,True,47,Otro/Prefiero no decir
C00102,Helena Pilar Suarez,emilia98@example.com,+54 9 3652 4041,San Miguel de Tucumán,Córdoba,2024-11-09,Recurrente,True,36,M
C00103,Ambar Cardozo,paula42@example.org,+54 15 2230 8330,Santa Rosa,Río Negro,2023-06-22,Recurrente,True,18,M
C00104,Lucio Santino Vazquez Gonzalez,lolamaidana@example.com,+54 9 3434 5401,Posadas,Entre Ríos,2024-10-26,Nuevo,True,41,M
C00105,Ian Ezequiel Lopez Cruz,francocamila@example.com,+54 15 2240 0499,San Miguel de Tucumán,Tucumán,2023-04-27,Nuevo,True,53,F
C00106,Emilia Juan Sebastian Molina Aguirre,zperez@example.org,+54 9 3527 4205,Neuquén,Chaco,2026-05-16,Nuevo,True,46,M
C00107,Joaquin Jazmín Escobar,catalina12@example.org,+54 9 3853 0463,Río Gallegos,Mendoza,2025-12-04,VIP,True,57,F
C00108,Benjamin Alejandro Julieta Muñoz Gonzalez,isabellagomez@example.com,+54 15 2468 4145,Comodoro Rivadavia,CABA,2025-03-26,Recurrente,False,39,M
C00109,Jazmin Facundo Olivera,znavarro@example.net,+54 15 2639 1878,Mar del Plata,Tucumán,2024-02-10,VIP,True,50,F
C00110,Sr(a). Isabella Molina,mateoroldan@example.com,+54 15 2139 7187,La Rioja,Buenos Aires,2024-08-21,Nuevo,True,39,M
C00111,Agustina Facundo Rodriguez,lisandro64@example.org,+54 15 2991 0651,La Plata,Chaco,2024-06-19,Recurrente,True,50,F
C00112,Lucas Ezequiel Herrera Garcia,bautista-benjaminbravo@example.net,+54 9 3956 7661,San Ferando del Valle de Catamarca,Neuquén,2023-05-03,Recurrente,True,57,M
C00113,Juan Ignacio Samuel Ruiz Fernandez,navarroema@example.com,+54 9 3386 3375,Córdoba,Mendoza,2026-07-13,Recurrente,True,50,M
C00114,Maria Luz Lisandro Gomez,bcabrera@example.org,+54 15 2111 9079,Comodoro Rivadavia,Misiones,2025-11-08,Recurrente,True,19,F
C00115,Lola Martinez Diaz,fernandezpriscila@example.org,+54 9 3999 5342,Comodoro Rivadavia,Río Negro,2026-01-26,Nuevo,True,37,M
C00116,Julieta Rodriguez,luciaflores@example.com,+54 15 2356 8566,Corrientes,Misiones,2026-05-30,VIP,True,56,F
C00117,Joaquin Rojas,julietavega@example.com,+54 15 2786 6882,Comodoro Rivadavia,Río Negro,2023-08-01,VIP,False,54,F
C00118,Sofia Mia Valentina Ayala Farias,isabellaalvarez@example.net,+54 15 2413 9837,Santiago del Estero,Buenos Aires,2022-12-27,Recurrente,True,58,M
C00119,Julieta Nahuel Diaz Lopez,savila@example.net,+54 15 2863 8546,Posadas,Entre Ríos,2025-08-01,Nuevo,False,20,M
C00120,Julieta Benicio Cruz Medina,ucoronel@example.org,+54 9 3156 0932,Córdoba,Misiones,2025-10-29,Nuevo,True,38,F
C00121,Dr(a). Juana Diaz,guillerminaferreyra@example.net,+54 9 3347 7725,San Ferando del Valle de Catamarca,Entre Ríos,2023-07-16,Recurrente,True,67,M
C00122,Dr(a). Joaquin Paez,pereyragiuliana@example.org,+54 15 2106 2312,Rawson,Salta,2026-07-30,VIP,False,21,M
C00123,Dr(a). Thiago Rios,bdominguez@example.org,+54 9 3100 8484,Mendoza,Chaco,2025-04-14,Nuevo,True,60,F
C00124,Luciana Bustos,pereyraemma@example.net,+54 9 3854 6156,Neuquén,Entre Ríos,2023-01-17,Recurrente,True,52,F
C00125,Juan Sebastian Francisco Castillo,gomezolivia@example.net,+54 9 3600 2176,Neuquén,Tucumán,2026-01-03,Recurrente,False,61,M
C00126,Kiara Ayala Martinez,eperez@example.net,+54 9 3489 0250,Neuquén,Misiones,2026-03-22,Nuevo,True,33,F
C00127,Gonzalo Luz Milagros Ruiz,tizianoortiz@example.com,+54 9 3262 1850,Santa Rosa,Mendoza,2022-12-04,Nuevo,False,37,M
C00128,Giuliana Alma Vazquez,umartin@example.org,+54 9 3777 3586,Resistencia,Misiones,2026-06-09,Nuevo,False,38,F
C00129,Dr(a). Catalina Rios,rodriguezfelipe@example.net,+54 15 2565 5110,La Rioja,Chaco,2025-10-22,Inactivo,False,35,F
C00130,Paulina Santino Rodriguez Benitez,fgomez@example.com,+54 15 2799 5604,San Salvador de Jujuy,Neuquén,2024-11-04,Recurrente,True,43,M
C00131,Lisandro Castro Toledo,ramirolopez@example.com,+54 9 3547 2126,Santa Rosa,Santa Fe,2023-08-03,Nuevo,True,63,F
C00132,Pilar Bautista Martinez Martinez,malenafernandez@example.org,+54 9 3759 6575,Rosario,Salta,2025-02-12,Recurrente,False,31,F
C00133,Sr(a). Julieta Juarez,zsanchez@example.com,+54 9 3779 3564,Formosa,Chaco,2025-05-25,Nuevo,True,35,F
C00134,Paula Diaz Franco,moyanomalena@example.net,+54 15 2574 1672,Comodoro Rivadavia,Neuquén,2023-05-03,Recurrente,True,21,M
C00135,Milagros Thiago Agustin Caceres Rodriguez,inunez@example.net,+54 9 3280 5891,Río Gallegos,Chaco,2026-07-31,Nuevo,True,24,F
C00136,Milagros Benicio Moreno,vmartin@example.com,+54 15 2901 4388,Neuquén,Misiones,2022-10-17,Recurrente,False,26,F
C00137,Sr(a). Tomàs Ruiz,lautarogonzalez@example.org,+54 9 3661 1254,La Rioja,Chaco,2025-09-15,Inactivo,True,59,M
C00138,Maximo Lautaro Gomez,tsanchez@example.org,+54 15 2305 1238,Posadas,Salta,2025-07-03,Recurrente,True,36,F
C00139,Ignacio Pedro Medina,santiagodominguez@example.com,+54 15 2193 7966,San Luis,Río Negro,2025-10-22,Nuevo,False,59,M
C00140,Sofia Gonzalo Correa,figueroamateo-benjamin@example.com,+54 9 3637 1478,Viedma,Chaco,2022-11-13,Recurrente,False,20,M
C00141,Tomas Nuñez,rrios@example.net,+54 9 3499 1251,Corrientes,Santa Fe,2024-01-04,Recurrente,False,20,Otro/Prefiero no decir
C00142,Joaquin Ledesma Gutierrez,danteflores@example.com,+54 15 2682 7422,Rosario,Entre Ríos,2024-04-16,VIP,True,65,Otro/Prefiero no decir
C00143,Ana Paula Guzman,yfernandez@example.net,+54 9 3267 6772,Neuquén,Mendoza,2026-06-04,VIP,True,54,M
C00144,Violeta Diaz Gonzalez,mateo79@example.net,+54 9 3988 1914,Rosario,Tucumán,2023-07-08,Nuevo,False,52,M
C00145,Juan Pablo Matilda Coronel Benitez,pgomez@example.org,+54 9 3207 4517,Río Gallegos,Santa Fe,2023-06-29,VIP,True,30,M
C00146,Sofia Tiziano Benjamin Ledesma,ilopez@example.org,+54 15 2909 5849,Resistencia,Tucumán,2026-01-22,Nuevo,True,34,M
C00147,Ema Juana Silva Moyano,fernandezlautaro-ezequiel@example.com,+54 15 2442 2325,Río Gallegos,Buenos Aires,2024-09-03,Recurrente,False,54,M
C00148,Morena Silva,etorres@example.net,+54 15 2668 4577,Neuquén,Córdoba,2023-09-10,Nuevo,False,75,F
C00149,Joaquina Farias Gomez,juan-francisco86@example.org,+54 9 3937 4545,Neuquén,Entre Ríos,2026-07-04,Recurrente,True,60,F
C00150,Tiziano Pilar Romero,gonzalezlucia@example.com,+54 15 2412 7706,San Luis,Santa Fe,2025-05-07,Recurrente,False,18,F
C00151,Justina Julieta Hernandez,ferreyravalentina@example.com,+54 15 2206 4361,Constitución,Córdoba,2026-02-14,Recurrente,True,39,F
C00152,Agustin Valentino Martinez,gonzalezalma@example.org,+54 9 3227 1361,Bahía Blanca,Misiones,2025-05-03,Recurrente,True,41,M
C00153,Guadalupe Juana Alvarez Correa,bautistaortiz@example.net,+54 15 2875 3269,Santiago del Estero,Buenos Aires,2026-02-11,Recurrente,True,28,F
C00154,Catalina Santino Cardozo,bsosa@example.com,+54 15 2534 1389,Río Gallegos,Chaco,2024-12-22,Inactivo,False,67,F
C00155,Thiago Leonel Dominguez Sanchez,lautaro-ezequielgarcia@example.org,+54 15 2276 1379,Mendoza,CABA,2024-09-08,Recurrente,False,41,M
C00156,Charo Maidana Fernandez,rtorres@example.org,+54 9 3410 9104,La Plata,Córdoba,2026-01-22,Inactivo,True,47,M
C00157,Santino Agustin Ruiz Garcia,zflores@example.org,+54 15 2341 4183,Posadas,Neuquén,2025-06-20,Recurrente,False,48,M
C00158,Francesca Juan Manuel Miranda Castillo,pojeda@example.org,+54 15 2116 1799,Corrientes,Río Negro,2022-11-18,VIP,False,61,M
C00159,Juan Ignacio Lucia Quiroga,maximo42@example.com,+54 15 2941 0564,Mar del Plata,CABA,2023-04-10,Recurrente,True,41,F
C00160,Luz Milagros Dante Rodriguez Medina,kmendez@example.com,+54 15 2141 9138,La Plata,Neuquén,2024-01-22,Nuevo,False,75,M
C00161,Emma Herrera Alvarez,castrouma@example.net,+54 9 3235 3654,Neuquén,Neuquén,2023-03-21,Recurrente,True,72,M
C00162,Juan Ignacio Felicitas Rodriguez Diaz,moyanobautista@example.com,+54 9 3645 1870,Rawson,CABA,2024-09-05,Recurrente,False,49,F
C00163,Lucas Julieta Rios Medina,xfranco@example.org,+54 15 2620 6038,Salta,Chaco,2024-12-25,Recurrente,True,26,M
C00164,Maria Guadalupe Gonzalez Dominguez,santino83@example.com,+54 9 3902 4103,Santa Rosa,Salta,2026-01-05,Recurrente,True,61,M
C00165,Malena Lautaro Ezequiel Nuñez Gimenez,krodriguez@example.org,+54 9 3623 4456,Paraná,Misiones,2025-03-01,Nuevo,True,18,M
C00166,Victoria Rodriguez,fernandezmateo@example.com,+54 9 3561 8537,La Rioja,Neuquén,2023-06-06,Nuevo,True,62,F
C00167,Elena Catalina Cordoba Sanchez,diazjazmin@example.org,+54 15 2535 6804,Rosario,Buenos Aires,2025-06-08,Inactivo,True,48,F
C00168,Martina Lola Acosta,catalinagomez@example.org,+54 15 2600 3236,San Juan,Entre Ríos,2025-08-10,Nuevo,True,59,Otro/Prefiero no decir
C00169,Clara Perez Correa,diazmia-valentina@example.org,+54 15 2751 0702,Rosario,Río Negro,2022-09-14,Inactivo,True,75,F
C00170,Guillermina Alvarez,delfina24@example.com,+54 9 3520 9993,Chilecito,Entre Ríos,2024-04-28,Recurrente,False,60,M
C00171,Lautaro Nicolas Suarez,mfernandez@example.net,+54 15 2880 6578,Formosa,Santa Fe,2022-12-20,Recurrente,True,29,Otro/Prefiero no decir
C00172,Dr(a). Francesca Lopez,martinacorrea@example.com,+54 15 2278 5932,Comodoro Rivadavia,Entre Ríos,2023-11-22,Recurrente,False,32,M
C00173,Thiago Benjamin Augusto Avila,dantechavez@example.com,+54 9 3122 3955,San Luis,Buenos Aires,2022-11-03,Inactivo,True,64,M
C00174,Abigail Lucas Ortiz Lopez,lrojas@example.com,+54 15 2910 3930,Chilecito,Chaco,2026-07-27,Recurrente,True,47,F
C00175,Ignacio Cabrera Cordoba,bastianfarias@example.com,+54 15 2602 9218,Mar del Plata,Mendoza,2023-12-24,Nuevo,False,66,F
C00176,Federico Antonella Nuñez Romero,maria-pazbenitez@example.net,+54 9 3352 8953,San Salvador de Jujuy,Río Negro,2023-11-28,Recurrente,False,74,M
C00177,Abril Juana Lopez Gonzalez,xroldan@example.net,+54 15 2229 5939,San Miguel de Tucumán,Córdoba,2025-06-04,Nuevo,True,20,F
C00178,Valentino Villalba,mateo15@example.com,+54 15 2243 3154,Merlo,Río Negro,2023-07-27,Recurrente,True,65,F
C00179,Isabella Benitez Flores,yaguirre@example.com,+54 9 3217 9327,Santa Fe,Salta,2023-04-14,Nuevo,True,73,M
C00180,Juana Sanchez Duarte,tomas-benjaminlopez@example.org,+54 15 2359 9706,Viedma,Santa Fe,2022-11-30,Recurrente,True,70,M
C00181,Mateo Gomez,renatacastro@example.net,+54 9 3944 3106,Rosario,Neuquén,2023-06-10,Recurrente,True,61,M
C00182,Felipe Sosa,antonia97@example.org,+54 15 2203 2417,Corrientes,Córdoba,2024-04-29,Recurrente,True,60,M
C00183,Agustin Escobar,ylopez@example.com,+54 15 2470 4774,Rosario,Entre Ríos,2023-09-05,Recurrente,True,55,M
C00184,Tiziano Felipe Quiroga Gomez,lvaldez@example.org,+54 15 2468 6879,Chilecito,Santa Fe,2025-04-16,Recurrente,True,49,F
C00185,Bautista Alvaro Vera Gimenez,juan-ignacionavarro@example.org,+54 15 2733 2061,Rawson,Tucumán,2026-03-21,Inactivo,False,68,M
C00186,Zoe Jazmin Valentina Bustos,rodriguezlautaro-benjamin@example.net,+54 9 3948 7099,Santa Fe,Misiones,2026-04-10,Recurrente,True,42,F
C00187,Santino Fernandez,blancolucas@example.org,+54 9 3885 6467,La Plata,Chaco,2024-11-18,Recurrente,False,37,M
C00188,Victoria Felipe Cabrera,ruizemiliano@example.net,+54 15 2507 4505,Corrientes,Santa Fe,2025-05-23,VIP,False,53,F
C00189,Valentina Jazmin Alma Mia Castillo Valdez,martin75@example.com,+54 9 3891 3736,Río Gallegos,Entre Ríos,2023-07-13,Recurrente,True,33,F
C00190,Dr(a). Tobias Gutierrez,paloma62@example.net,+54 15 2823 3030,La Plata,Tucumán,2023-04-03,Recurrente,False,72,F
C00191,Federico Victoria Paz Gimenez,castilloemma@example.com,+54 9 3327 9855,Rosario,Chaco,2025-02-27,Recurrente,True,35,F
C00192,Lautaro Ezequiel Luciano Garcia Alvarez,jazminmoreno@example.net,+54 15 2346 8007,Salta,Neuquén,2023-04-09,Recurrente,False,30,M
C00193,Juan Martin Benjamin Perez,luz-milagros46@example.com,+54 9 3774 3748,Neuquén,Neuquén,2025-11-02,Recurrente,True,48,F
C00194,Benjamin Franco Martin,juana17@example.org,+54 9 3345 4443,Mendoza,Tucumán,2025-12-22,Recurrente,False,31,M
C00195,Tiziano Valentin Luciana Figueroa,thiago-ezequiel07@example.com,+54 9 3466 6099,Paraná,Misiones,2025-01-06,Nuevo,False,48,M
C00196,Ramiro Luca Herrera,bianca28@example.org,+54 9 3617 2482,Salta,Misiones,2026-05-19,Recurrente,True,33,M
C00197,Delfina Diaz Hernandez,thiago94@example.com,+54 15 2870 9991,Ushuaia,Mendoza,2024-04-19,Recurrente,True,40,F
C00198,Guillermina Joaquina Alvarez,aguerofelipe@example.org,+54 9 3269 7252,Chilecito,Tucumán,2023-10-23,Recurrente,True,24,M
C00199,Agustín Joaquin Godoy Gonzalez,dantefernandez@example.org,+54 15 2796 6667,Constitución,Misiones,2023-09-17,Recurrente,False,31,F
C00200,Julia Ojeda Duarte,benjamingonzalez@example.net,+54 15 2935 4216,Neuquén,Entre Ríos,2026-03-09,Nuevo,False,65,F
C00201,Mateo Antonia Garcia Garcia,lorenzo25@example.com,+54 9 3332 6033,Rawson,Mendoza,2025-07-12,Recurrente,True,64,F
C00202,Salvador Lopez Torres,torressantino-benjamin@example.net,+54 15 2790 1001,La Rioja,Santa Fe,2025-03-21,Nuevo,True,54,M
C00203,Juan Ignacio Perez,julianamorales@example.com,+54 9 3718 4992,Rosario,Salta,2025-06-04,Recurrente,False,39,F
C00204,Bianca Rios Garcia,mdiaz@example.com,+54 15 2856 4208,San Miguel de Tucumán,Salta,2025-10-03,Inactivo,True,49,F
C00205,Luciano Jazmin Martinez,barriosmiguel-angel@example.net,+54 9 3421 8114,La Rioja,Misiones,2022-09-01,VIP,True,64,M
C00206,Thiago Benjamin Isabella Correa Hernandez,juan56@example.net,+54 15 2610 0225,Ushuaia,Santa Fe,2026-01-10,Inactivo,True,59,Otro/Prefiero no decir
C00207,Ivan Perez,zoe-valentina21@example.com,+54 9 3274 6762,San Ferando del Valle de Catamarca,Chaco,2025-07-20,Nuevo,False,70,M
C00208,Lautaro Gabriel Farias Gomez,rfigueroa@example.com,+54 15 2896 5902,San Miguel de Tucumán,Buenos Aires,2026-04-06,Recurrente,False,32,F
C00209,Santino Ramirez,ambar08@example.net,+54 15 2458 8916,Chilecito,Santa Fe,2022-10-20,Nuevo,True,41,F
C00210,Antonella Santino Benjamin Fernandez Rivero,gonzalezlucas-benjamin@example.net,+54 9 3672 1753,Córdoba,Río Negro,2026-03-09,Recurrente,True,48,M
C00211,Bianca Molina Alvarez,medinajuan@example.com,+54 15 2277 5170,San Salvador de Jujuy,Buenos Aires,2025-11-19,Nuevo,True,18,F
C00212,Martina Molina,mateo-agustin83@example.net,+54 9 3955 0375,Río Gallegos,Misiones,2025-12-02,Nuevo,False,19,M
C00213,Dr(a). Thiago Agustin Torres,coroneldelfina@example.com,+54 9 3348 8510,Chilecito,Misiones,2024-06-05,Recurrente,False,29,F
C00214,Gael Maria Emilia Ramirez,santiagosoria@example.com,+54 15 2273 5160,Río Gallegos,CABA,2023-08-20,Recurrente,True,57,M
C00215,Facundo Nuñez,vgonzalez@example.org,+54 9 3397 8292,Bahía Blanca,Tucumán,2024-08-19,Nuevo,True,41,Otro/Prefiero no decir
C00216,Milagros Juarez,mflores@example.net,+54 15 2346 5472,Santa Rosa,Salta,2023-11-27,Recurrente,False,32,F
C00217,Dr(a). Valentina Jazmin Molina,sofiarios@example.com,+54 9 3622 8851,Posadas,CABA,2023-11-15,Recurrente,False,66,F
C00218,Maria Victoria Leiva,enzo60@example.net,+54 15 2506 2003,Río Gallegos,Entre Ríos,2025-06-16,Recurrente,True,21,M
C00219,Dylan Benjamin Thiago Ezequiel Fernandez,sofia80@example.com,+54 9 3419 8386,Mendoza,Misiones,2022-11-12,Nuevo,True,45,M
C00220,Helena Isabella Alvarez Ramirez,lucia-00@example.net,+54 9 3939 7359,Merlo,Tucumán,2025-10-08,Recurrente,False,24,M
C00221,Sr(a). Octavio Soto,lautaro-nahuelrodriguez@example.org,+54 15 2360 6484,Resistencia,Buenos Aires,2023-10-17,Nuevo,False,62,M
C00222,Dr(a). Benjamin Medina,fernandezjuan-cruz@example.org,+54 9 3979 8515,Comodoro Rivadavia,Salta,2026-05-14,Nuevo,False,61,M
C00223,Maximo Maia Fernandez,ogomez@example.org,+54 9 3855 4398,Posadas,Chaco,2024-10-15,Recurrente,True,72,F
C00224,Juan Ignacio Sosa Martinez,rafaelcastillo@example.com,+54 9 3916 4840,Rosario,Córdoba,2025-03-09,Recurrente,False,63,M
C00225,Agustina Bianca Suarez Garcia,agustina12@example.net,+54 15 2913 3613,Rosario,CABA,2025-03-22,Nuevo,True,54,M
C00226,Mia Valentina Acuña,benjaminvera@example.org,+54 15 2410 2481,San Miguel de Tucumán,Entre Ríos,2025-08-09,Recurrente,True,42,M
C00227,Lola Tomàs Ruiz Sanchez,rojassantino-benjamin@example.net,+54 15 2590 1581,Santa Fe,Santa Fe,2024-03-05,VIP,False,23,M
C00228,Sofía Emilia Blanco Alvarez,herrerajulia@example.org,+54 9 3984 2450,Santiago del Estero,Tucumán,2025-11-27,Nuevo,True,71,F
C00229,Sr(a). Juan Ignacio Gonzalez,sanchezlautaro-ezequiel@example.net,+54 9 3436 8222,Viedma,Neuquén,2025-01-01,VIP,False,43,Otro/Prefiero no decir
C00230,Santiago Joaquin Figueroa Roldan,emoreno@example.com,+54 15 2641 3975,San Ferando del Valle de Catamarca,Tucumán,2026-01-08,Nuevo,True,46,M
C00231,Santino Ana Paula Mendoza,qromero@example.com,+54 15 2199 5562,Paraná,Tucumán,2023-11-21,Recurrente,True,29,M
C00232,Martín Luz Milagros Godoy,valentino57@example.com,+54 9 3254 7812,Rosario,Río Negro,2023-09-22,Recurrente,False,36,M
C00233,Alma Mia Valentino Rojas Perez,ojedauma@example.net,+54 15 2999 6930,Córdoba,Misiones,2026-02-28,Nuevo,True,42,M
C00234,Dr(a). Ambar Fernandez,valentino88@example.org,+54 9 3958 0392,San Ferando del Valle de Catamarca,Río Negro,2024-03-09,Nuevo,True,41,F
C00235,Mateo Ortiz,abrilsuarez@example.com,+54 15 2437 3145,La Plata,Buenos Aires,2024-11-17,Inactivo,True,66,F
C00236,Maximo Sol Alvarez,gonzalezlara@example.org,+54 9 3749 8926,Formosa,Santa Fe,2026-04-16,Nuevo,True,53,M
C00237,Sr(a). Agustina Torres,wsosa@example.com,+54 9 3490 8272,Mar del Plata,Entre Ríos,2026-03-31,Nuevo,True,53,F
C00238,Dr(a). Delfina Lopez,dominguezrenata@example.com,+54 15 2777 7392,Constitución,Neuquén,2024-01-25,VIP,False,18,F
C00239,Martina Dante Lopez,paezfelipe@example.org,+54 9 3528 6990,Mar del Plata,Entre Ríos,2025-02-18,VIP,False,53,M
C00240,Tomàs Samuel Aguero,yjuarez@example.net,+54 15 2298 4257,Comodoro Rivadavia,Córdoba,2023-04-20,Recurrente,True,42,F
C00241,Francesca Gomez,mrivero@example.org,+54 15 2279 9088,Mar del Plata,Mendoza,2023-06-05,Recurrente,True,22,F
C00242,Milagros Mendoza,escobaroctavio@example.net,+54 9 3486 5086,Santa Fe,Mendoza,2024-10-09,Recurrente,True,22,F
C00243,Francesco Alvarez,floresvalentina@example.org,+54 15 2149 8643,San Luis,Córdoba,2024-12-21,Recurrente,True,57,F
C00244,Dante Gomez Gonzalez,renata12@example.com,+54 9 3548 6959,San Juan,CABA,2025-03-27,Nuevo,True,43,F
C00245,Zoe Ramirez,jlopez@example.net,+54 9 3244 9562,Merlo,Neuquén,2025-10-02,Recurrente,False,46,F
C00246,Tomàs Constanza Lopez,zcaceres@example.net,+54 15 2726 0127,Mar del Plata,Río Negro,2023-06-23,Inactivo,True,38,M
C00247,Thiago Benjamin Torres Cabrera,hcabrera@example.com,+54 15 2527 7038,Rawson,Misiones,2025-07-07,Nuevo,True,43,Otro/Prefiero no decir
C00248,Martín Gutierrez Quiroga,sosaambar@example.org,+54 15 2446 5669,Mendoza,Mendoza,2025-01-28,Recurrente,True,54,M
C00249,Tiziano Benjamin Rodriguez Gomez,lautaro43@example.net,+54 15 2776 9042,Mendoza,Tucumán,2023-10-03,Recurrente,False,43,F
C00250,Lautaro Benjamin Gimenez Romero,thiago-lionel94@example.net,+54 9 3869 7357,Ushuaia,Neuquén,2023-01-31,Nuevo,False,29,M
C00251,Sr(a). Jazmin Perez,amparomartinez@example.com,+54 9 3558 8043,Mar del Plata,Chaco,2024-02-24,Nuevo,False,63,F
C00252,Felicitas Paz,agustinsosa@example.net,+54 9 3523 7333,Rawson,Mendoza,2022-12-03,VIP,True,72,M
C00253,Sofia Valentina Rios,gomezbautista@example.net,+54 9 3690 8075,Chilecito,Entre Ríos,2023-03-29,Recurrente,True,37,F
C00254,Dr(a). Morena Velazquez,camila92@example.org,+54 9 3378 0856,La Rioja,Río Negro,2026-04-13,Nuevo,True,42,F
C00255,Genaro Medina Ledesma,oliviagomez@example.com,+54 9 3628 4347,Formosa,Neuquén,2022-08-31,Recurrente,True,50,M
C00256,Guillermina Sofia Quiroga,lgarcia@example.net,+54 15 2793 1438,Santiago del Estero,Misiones,2024-02-08,Recurrente,True,41,M
C00257,Santiago Figueroa,lcordoba@example.com,+54 9 3528 8574,Posadas,Chaco,2025-07-28,Recurrente,False,24,M
C00258,Sr(a). Camila Ledesma,agustin17@example.net,+54 9 3645 5884,Constitución,Río Negro,2022-11-09,Recurrente,True,57,F
C00259,Juan Ignacio Aguero,danteferreyra@example.net,+54 15 2245 5877,San Salvador de Jujuy,Río Negro,2026-06-21,Recurrente,True,66,F
C00260,Dr(a). Malena Campos,ciro99@example.com,+54 15 2512 5355,San Luis,Entre Ríos,2026-02-02,Nuevo,True,32,M
C00261,Sofía Camila Paez Vargas,lramirez@example.org,+54 15 2234 1326,Bahía Blanca,Chaco,2026-05-16,Recurrente,False,32,F
C00262,Santiago Nicolas Herrera Rodriguez,gomezana-paula@example.org,+54 9 3343 3472,Mendoza,Entre Ríos,2025-09-13,Recurrente,False,62,M
C00263,Martina Antonella Guzman,iherrera@example.com,+54 9 3728 2997,Mendoza,Tucumán,2023-12-02,Inactivo,True,36,F
C00264,Dr(a). Nahuel Suarez,benitezguadalupe@example.com,+54 15 2540 0825,Chilecito,CABA,2023-07-11,Nuevo,False,27,F
C00265,Sr(a). Luciano Aguirre,benjamin64@example.net,+54 15 2708 5368,San Salvador de Jujuy,Tucumán,2025-08-21,Recurrente,True,48,F
C00266,Mateo Tiziano Benjamin Alvarez,bautista38@example.net,+54 9 3348 4631,San Ferando del Valle de Catamarca,CABA,2024-02-17,Recurrente,False,38,F
C00267,Santino Facundo Acosta Quiroga,benjamin08@example.org,+54 15 2414 4270,Mar del Plata,Buenos Aires,2024-08-01,VIP,True,72,F
C00268,Benjamin Delfina Flores,dfranco@example.net,+54 15 2251 2046,Posadas,CABA,2025-10-04,Recurrente,True,65,F
C00269,Joaquin Escobar,hrivero@example.net,+54 15 2267 3037,Mendoza,Santa Fe,2023-08-14,Recurrente,True,45,Otro/Prefiero no decir
C00270,Agustin Thiago Ezequiel Sanchez,villalbanicolas@example.org,+54 9 3274 3503,Comodoro Rivadavia,Córdoba,2023-11-28,VIP,True,29,M
C00271,Juan Cruz Lopez,ruizemma@example.org,+54 9 3892 5132,Mar del Plata,Entre Ríos,2023-09-21,Recurrente,False,74,F
C00272,Dr(a). Isabel Franco,sosafelipe@example.net,+54 15 2827 3585,Merlo,Neuquén,2025-02-12,Recurrente,True,31,F
C00273,Benjamin Olivia Muñoz,suarezsimon@example.com,+54 9 3839 2855,Córdoba,Misiones,2023-08-15,VIP,True,24,M
C00274,Sr(a). Bautista Fernandez,juan-pablo70@example.net,+54 9 3620 9593,Merlo,Chaco,2023-10-19,Nuevo,True,47,F
C00275,Milagros Rojas Alvarez,jvazquez@example.net,+54 9 3256 5118,La Plata,Río Negro,2024-09-17,VIP,True,58,F
C00276,Joaquin Martina Gomez,ortizluana@example.net,+54 9 3489 9405,Viedma,Entre Ríos,2023-05-20,Recurrente,True,40,F
C00277,Benjamin Ayala Ferreyra,herreraluca@example.com,+54 9 3250 9480,Rosario,Salta,2026-05-01,Recurrente,False,63,M
C00278,Bautista Delfina Gutierrez Gomez,hlopez@example.net,+54 15 2692 8861,San Juan,Neuquén,2023-07-17,Recurrente,False,38,F
C00279,Federico Flores,nicolasgimenez@example.net,+54 15 2689 7558,Santiago del Estero,Mendoza,2023-01-13,Nuevo,True,27,M
C00280,Renata Juan Manuel Paz Sanchez,thiagomolina@example.net,+54 9 3557 7600,Viedma,Entre Ríos,2023-07-31,Recurrente,True,45,F
C00281,Agustina Toledo Sanchez,delfinasanchez@example.net,+54 9 3288 8992,La Plata,Río Negro,2023-10-26,Recurrente,False,29,M
C00282,Benicio Fernandez,franciscocorrea@example.org,+54 9 3893 1572,Rosario,Salta,2024-02-01,Nuevo,True,71,F
C00283,Sr(a). Mia Garcia,drodriguez@example.com,+54 9 3766 1390,La Plata,Buenos Aires,2025-07-16,VIP,False,49,F
C00284,Bruno Juan Cruz Ortiz Romero,isabellaojeda@example.com,+54 9 3599 8136,Santa Fe,Entre Ríos,2025-05-29,Inactivo,True,49,F
C00285,Felipe Romero,molinathiago-benjamin@example.com,+54 9 3722 7837,Salta,Salta,2024-07-09,Recurrente,False,49,F
C00286,Sr(a). Lucas Franco,bautistaramos@example.com,+54 15 2616 6553,Formosa,Neuquén,2024-09-17,Nuevo,False,36,F
C00287,Sr(a). Milo Lopez,crios@example.org,+54 15 2435 2110,Viedma,Córdoba,2024-01-06,Recurrente,True,47,M
C00288,Joaquina Tobias Gonzalez,sanchezagustin@example.com,+54 15 2983 3884,Chilecito,Salta,2025-05-23,Recurrente,True,25,F
C00289,Sr(a). Juliana Carrizo,perezisabella@example.org,+54 9 3607 0164,Santiago del Estero,Chaco,2024-02-15,VIP,True,70,M
C00290,Benjamin Aguero Ferreyra,tgimenez@example.org,+54 9 3979 8123,La Rioja,Misiones,2023-07-17,Recurrente,True,45,F
C00291,Sr(a). Martina Ayala,kruiz@example.org,+54 9 3155 4384,Salta,Río Negro,2023-11-02,VIP,True,20,F
C00292,Emiliano Mateo Agustin Maldonado Gonzalez,francisco56@example.net,+54 15 2416 8936,Neuquén,Tucumán,2024-11-01,VIP,True,73,Otro/Prefiero no decir
C00293,Pedro Josefina Juarez,sofiafernandez@example.net,+54 15 2324 8262,Paraná,Córdoba,2024-05-31,Nuevo,False,62,F
C00294,Lautaro Benjamin Duarte Gomez,ian-benjaminvazquez@example.com,+54 9 3347 4231,Resistencia,Misiones,2023-11-21,Recurrente,True,57,F
C00295,Paulina Cabrera Perez,matiasmartinez@example.org,+54 9 3617 2897,Resistencia,Córdoba,2024-11-19,VIP,False,54,F
C00296,Morena Fernandez,ramirezleon@example.com,+54 9 3833 3127,San Luis,Mendoza,2023-05-23,Recurrente,True,63,F
C00297,Mateo Ezequiel Angelina Flores Ramos,zmunoz@example.net,+54 15 2981 7703,Posadas,Neuquén,2025-01-18,Nuevo,False,75,M
C00298,Dylan Benjamin Gonzalez,lopezsimon@example.com,+54 9 3972 6490,Ushuaia,CABA,2024-03-01,Nuevo,False,44,M
C00299,Malena Mia Valentina Gomez,santiago-benjaminacuna@example.net,+54 15 2866 5702,Neuquén,Mendoza,2024-08-14,VIP,True,73,F
C00300,Lautaro Nicolas Catalina Romero,luciogomez@example.org,+54 9 3351 8689,San Salvador de Jujuy,Santa Fe,2025-03-18,Recurrente,False,66,M
C00301,Dr(a). Martina Lopez,mateofernandez@example.net,+54 15 2264 4742,Ushuaia,Entre Ríos,2023-12-16,Recurrente,True,35,M
C00302,Thiago Daniel Benjamin Vazquez,imendez@example.org,+54 9 3833 9776,Mar del Plata,Entre Ríos,2022-08-31,Recurrente,True,74,M
C00303,Sr(a). Emma Molina,isabellafernandez@example.net,+54 9 3602 0994,San Miguel de Tucumán,Entre Ríos,2025-02-04,Recurrente,True,74,F
C00304,Isabella Ramirez Lopez,nahiaracardozo@example.com,+54 15 2714 5561,Rosario,Salta,2025-04-21,Recurrente,True,67,M
C00305,Sr(a). Juana Fernandez,ignacio68@example.org,+54 15 2890 1981,Merlo,CABA,2025-05-24,Recurrente,True,60,M
C00306,Dr(a). Pedro Farias,gabriel99@example.com,+54 9 3172 9343,Bahía Blanca,CABA,2023-08-28,VIP,True,45,M
C00307,Valentin Figueroa Ponce,vramirez@example.com,+54 15 2503 4414,Mendoza,Salta,2023-06-12,Nuevo,False,39,M
C00308,Dr(a). Camilo Gomez,nmunoz@example.org,+54 15 2335 5770,Chilecito,Santa Fe,2023-12-13,Recurrente,True,39,M
C00309,Lucía Uma Rojas,dblanco@example.net,+54 9 3695 8803,Santa Fe,Buenos Aires,2023-12-16,Nuevo,True,71,F
C00310,Bautista Felipe Mansilla Romero,francoalvarez@example.net,+54 15 2845 0461,Ushuaia,CABA,2024-02-13,Inactivo,True,47,F
C00311,Thiago Milena Sanchez,santinocaceres@example.org,+54 15 2478 0782,Paraná,Entre Ríos,2024-09-19,Nuevo,False,26,M
C00312,Maria Paz Pereyra,milogomez@example.net,+54 15 2130 7681,Corrientes,Mendoza,2025-09-20,Nuevo,False,35,F
C00313,Luciano Luna Rodriguez,gomezbautista-benjamin@example.net,+54 9 3409 4353,Corrientes,Tucumán,2024-06-26,Nuevo,True,75,M
C00314,Julia Thiago Nahuel Carrizo Perez,gonzalezjulian@example.net,+54 15 2338 5854,San Luis,Buenos Aires,2023-04-01,Recurrente,True,62,M
C00315,Dante Joaquin Sanchez Escobar,fernandezagustin@example.net,+54 15 2316 0166,San Luis,Entre Ríos,2024-10-11,Recurrente,False,18,F
C00316,Dr(a). Mora Sanchez,valdezzoe@example.com,+54 15 2817 1747,Comodoro Rivadavia,CABA,2025-11-20,Nuevo,True,61,F
C00317,Felipe Kiara Perez,constanzadominguez@example.com,+54 9 3870 1715,La Rioja,Buenos Aires,2024-01-26,Recurrente,False,73,F
C00318,Emilia Lautaro Silva,ymaldonado@example.org,+54 9 3781 4876,Comodoro Rivadavia,Santa Fe,2024-08-25,Recurrente,True,23,M
C00319,Sr(a). Manuel Valdez,sofia96@example.com,+54 9 3283 2197,Neuquén,CABA,2024-02-25,Nuevo,True,37,F
C00320,Dr(a). Juan Cruz Gomez,maximiliano19@example.org,+54 9 3157 0132,Río Gallegos,Santa Fe,2024-05-25,Recurrente,False,22,M
C00321,Antonella Facundo Garcia,rdiaz@example.com,+54 9 3194 6519,Viedma,Buenos Aires,2025-01-29,Recurrente,True,40,M
C00322,Dr(a). Thiago Leonel Roldan,gonzalezlucas@example.com,+54 15 2640 3696,San Luis,Río Negro,2022-11-13,Recurrente,False,57,M
C00323,Lola Benitez,agustinlopez@example.com,+54 9 3262 4220,Salta,Córdoba,2023-06-18,Nuevo,True,66,F
C00324,Felipe Cruz Dominguez,catalinamoreno@example.com,+54 9 3796 9278,Posadas,Misiones,2026-07-08,Recurrente,False,38,M
C00325,Olivia Martinez,silvathiago-leonel@example.org,+54 9 3868 9500,San Luis,Córdoba,2024-04-25,Nuevo,True,53,M
C00326,Santino Jazmin Ledesma Fernandez,valentin18@example.net,+54 15 2137 1894,Ushuaia,Misiones,2025-07-17,Recurrente,False,62,F
C00327,Mateo Benjamin Benjamin Acosta Barrios,ciro44@example.org,+54 15 2394 9407,Neuquén,Río Negro,2024-11-29,VIP,True,56,M
C00328,Ambar Garcia Ponce,grodriguez@example.org,+54 9 3142 9444,Merlo,Misiones,2022-09-22,Recurrente,True,68,M
C00329,Juan Martin Bustos Ponce,micaela43@example.com,+54 15 2380 5129,Rosario,Córdoba,2025-04-03,Recurrente,True,49,M
C00330,Gonzalo Ramirez,kojeda@example.org,+54 9 3704 1027,Chilecito,CABA,2024-02-24,Recurrente,False,41,M
C00331,Agustin Santino Agustin Ayala Martinez,jherrera@example.net,+54 9 3104 7658,Bahía Blanca,Santa Fe,2025-05-08,Recurrente,False,44,F
C00332,Dr(a). Maximiliano Benitez,ignacio41@example.com,+54 9 3373 9385,Paraná,Río Negro,2026-04-16,Nuevo,True,67,F
C00333,Sr(a). Felicitas Rivero,pereyraramiro@example.com,+54 15 2244 3009,La Plata,Neuquén,2022-08-31,Nuevo,True,20,M
C00334,Sr(a). Maria Guadalupe Godoy,rodriguezsofia@example.com,+54 15 2812 4471,San Miguel de Tucumán,Entre Ríos,2025-06-13,Recurrente,True,50,M
C00335,Milo Helena Carrizo Vazquez,garciaisabella@example.com,+54 9 3804 4271,San Miguel de Tucumán,Entre Ríos,2023-08-24,Recurrente,True,52,M
C00336,Tomas Joaquin Aguirre,pdiaz@example.org,+54 9 3541 0119,Río Gallegos,Santa Fe,2023-03-12,Nuevo,True,50,M
C00337,Benjamin Aguirre,maidanavicente@example.com,+54 15 2856 9087,Santa Rosa,Santa Fe,2025-03-24,Recurrente,True,58,M
C00338,Valentina Jazmin Vargas,benjaminmoyano@example.com,+54 15 2198 5546,Salta,Río Negro,2025-10-04,Recurrente,True,62,F
C00339,Guadalupe Roldan Romero,lara28@example.org,+54 9 3234 6157,Ushuaia,Córdoba,2025-12-24,Nuevo,True,45,F
C00340,Abril Fernandez,morenarodriguez@example.net,+54 9 3178 7005,Paraná,Neuquén,2023-05-23,Recurrente,True,65,M
C00341,Lola Diaz Ferreyra,thiago-nicolasmartinez@example.org,+54 15 2427 0790,San Luis,Santa Fe,2024-09-16,Nuevo,False,62,F
C00342,Benjamin Juan Manuel Barrios,medinajoaquin@example.net,+54 15 2211 7993,Santa Fe,Salta,2025-11-25,Inactivo,True,68,M
C00343,Pedro Nina Chavez,juan-ignacio98@example.org,+54 9 3230 9251,Córdoba,Mendoza,2025-05-01,Nuevo,True,67,M
C00344,Matilda Mateo Torres,gabrielgonzalez@example.org,+54 9 3320 7100,San Miguel de Tucumán,Misiones,2023-04-12,VIP,False,19,F
C00345,Lucia Luna Garcia,nledesma@example.org,+54 9 3187 6329,Viedma,Entre Ríos,2025-05-23,Nuevo,True,63,Otro/Prefiero no decir
C00346,Lucio Tomas Rodriguez,lautaro08@example.org,+54 15 2918 1958,Comodoro Rivadavia,Río Negro,2025-12-03,Nuevo,True,41,F
C00347,Milo Dominguez,santinofernandez@example.com,+54 9 3422 0054,Santa Rosa,Neuquén,2023-09-21,Nuevo,True,67,F
C00348,Ignacio Luciana Navarro Gonzalez,mateogonzalez@example.net,+54 15 2713 7995,Rawson,Neuquén,2025-07-30,Recurrente,True,65,M
C00349,Francisco Santino Martinez Martinez,thiagodiaz@example.com,+54 9 3306 2397,San Salvador de Jujuy,Buenos Aires,2024-04-07,VIP,True,20,F
C00350,Valentino Joaquín Morales Bravo,martinaortiz@example.com,+54 15 2417 7625,Ushuaia,Entre Ríos,2023-06-05,Inactivo,True,72,F
C00351,Juan Martin Francesco Godoy Cabrera,catalinamendez@example.com,+54 15 2497 7406,Comodoro Rivadavia,Misiones,2023-04-19,Recurrente,True,38,F
C00352,Lorenzo Delfina Blanco Leiva,ramirezmartina@example.com,+54 15 2868 6717,Comodoro Rivadavia,Misiones,2026-04-09,Recurrente,False,54,F
C00353,Lautaro Benjamin Gonzalez Ojeda,beniciomartinez@example.org,+54 15 2174 2799,La Rioja,Chaco,2026-06-01,Recurrente,True,32,M
C00354,Thiago Nahuel Hernandez,lucia01@example.com,+54 9 3980 4649,Neuquén,Buenos Aires,2024-03-28,Inactivo,True,47,M
C00355,Maia Catalina Lucero,gutierreznahuel@example.com,+54 15 2616 5790,Formosa,Mendoza,2025-07-23,Recurrente,True,18,F
C00356,Lara Federico Castro,lautaro-gabrielmartinez@example.org,+54 9 3993 3554,San Juan,Mendoza,2025-09-17,Recurrente,True,57,F
C00357,Victoria Rodriguez,hgimenez@example.com,+54 9 3279 5137,Mar del Plata,Tucumán,2023-12-31,Recurrente,True,67,M
C00358,Alfonsina Garcia,lopezsantino@example.org,+54 9 3923 8046,San Miguel de Tucumán,Misiones,2026-06-11,Inactivo,False,33,F
C00359,Agustin Ciro Ponce,isabellahernandez@example.org,+54 9 3969 5579,Rosario,Entre Ríos,2022-09-14,Nuevo,True,58,M
C00360,Dr(a). Malena Ortiz,joaquin43@example.com,+54 9 3340 2547,Viedma,Buenos Aires,2026-03-18,Inactivo,True,60,F
C00361,Luz Milagros Emilia Valdez,mateogomez@example.com,+54 15 2174 5238,San Juan,Misiones,2025-12-22,Recurrente,True,51,Otro/Prefiero no decir
C00362,Ema Felipe Acosta Bravo,ayalalola@example.com,+54 15 2675 2088,Salta,Entre Ríos,2024-10-01,Recurrente,True,27,M
C00363,Agustin Emilia Leiva Chavez,juanojeda@example.com,+54 9 3517 0281,Constitución,CABA,2024-11-29,Nuevo,True,72,M
C00364,Ana Paula Diaz,isabella39@example.net,+54 15 2243 0187,Mendoza,Misiones,2024-01-18,VIP,True,65,F
C00365,Santiago Sanchez,bustosguadalupe@example.org,+54 9 3656 5045,Corrientes,CABA,2025-01-14,Recurrente,True,43,F
C00366,Francisca Rodriguez,avillalba@example.com,+54 9 3226 6299,San Ferando del Valle de Catamarca,Neuquén,2025-07-12,Nuevo,False,26,F
C00367,Julieta Constantino Pereyra,arodriguez@example.net,+54 9 3462 8792,Resistencia,Mendoza,2023-12-17,VIP,False,43,M
C00368,Emilia Aguirre,miguel-angel47@example.net,+54 9 3830 0244,Bahía Blanca,Misiones,2025-11-28,Recurrente,True,32,F
C00369,Ciro Morena Castillo Martinez,morena19@example.net,+54 9 3297 9647,Formosa,Córdoba,2023-02-04,Nuevo,False,24,F
C00370,Sr(a). Juan Gabriel Lopez,malena25@example.org,+54 15 2545 6504,Mendoza,Santa Fe,2022-11-07,Recurrente,True,25,M
C00371,Agustina Vazquez Lopez,juan-pablohernandez@example.net,+54 9 3345 1895,Constitución,Córdoba,2022-12-30,Recurrente,True,72,F
C00372,Maximo Thiago Suarez,santinofernandez@example.org,+54 15 2789 8881,La Rioja,Santa Fe,2023-12-24,VIP,True,63,M
C00373,Juan Ignacio Fernandez Gonzalez,valentino79@example.net,+54 9 3324 0132,San Luis,Buenos Aires,2024-01-04,Nuevo,False,27,F
C00374,Julieta Sofia Chavez,rodriguezoctavio@example.com,+54 15 2831 0890,Bahía Blanca,Córdoba,2024-04-25,Inactivo,True,21,M
C00375,Martina Julieta Gonzalez Gomez,salvadordiaz@example.net,+54 9 3601 2495,Resistencia,Mendoza,2023-02-10,VIP,True,43,M
C00376,Sr(a). Juan Bautista Rodriguez,pereyrathiago-agustin@example.com,+54 15 2680 1387,San Luis,Chaco,2025-11-23,Recurrente,True,47,F
C00377,Sr(a). Simon Campos,lautaro-gabriel63@example.net,+54 15 2961 5171,San Ferando del Valle de Catamarca,Santa Fe,2023-05-05,Nuevo,True,67,Otro/Prefiero no decir
C00378,Paulina Vega,rodriguezmorena@example.com,+54 9 3779 4738,Corrientes,Santa Fe,2024-11-04,Nuevo,True,61,M
C00379,Santiago Rodriguez,xacuna@example.org,+54 15 2271 6781,San Ferando del Valle de Catamarca,Río Negro,2025-12-24,Nuevo,True,70,F
C00380,Camila Luna,bautistabravo@example.com,+54 15 2596 1367,Río Gallegos,CABA,2023-01-09,Nuevo,True,69,F
C00381,Dr(a). Matilda Figueroa,agustin96@example.com,+54 9 3827 1147,Comodoro Rivadavia,Tucumán,2026-05-23,Nuevo,False,21,F
C00382,Martina Tiziano Benjamin Rivero,valdezolivia@example.net,+54 9 3924 9911,Río Gallegos,Neuquén,2024-08-10,Recurrente,False,49,F
C00383,Geronimo Diaz,igimenez@example.com,+54 15 2706 1675,La Rioja,Río Negro,2025-04-07,Recurrente,True,29,F
C00384,Martina Lopez,antonio27@example.com,+54 15 2946 7197,San Juan,Salta,2025-04-03,VIP,True,57,M
C00385,Dr(a). Agustin Roldan,lperez@example.com,+54 9 3345 0090,Rosario,Río Negro,2024-08-23,Nuevo,True,53,F
C00386,Lautaro Thiago Nicolas Gonzalez Paez,floressamuel@example.com,+54 9 3203 3349,San Miguel de Tucumán,CABA,2023-12-25,Nuevo,True,30,M
C00387,Joaquina Gomez Lopez,medinamorena-jazmin@example.net,+54 9 3740 7905,Neuquén,Chaco,2024-10-08,Nuevo,False,52,M
C00388,Juan Cruz Gomez,almagimenez@example.net,+54 9 3829 4563,Salta,Entre Ríos,2024-07-27,VIP,True,52,M
C00389,Maite Rojas Garcia,ncordoba@example.net,+54 15 2991 9541,Chilecito,Tucumán,2022-10-22,Inactivo,True,42,F
C00390,Sofia Arias,juan-bautista46@example.net,+54 9 3836 6498,San Juan,Buenos Aires,2025-03-22,Recurrente,True,75,M
C00391,Sr(a). Justina Morales,dantediaz@example.net,+54 9 3948 9690,Rawson,Mendoza,2024-09-06,Nuevo,False,51,F
C00392,Malena Emma Cardozo Vazquez,esanchez@example.net,+54 15 2464 4249,San Salvador de Jujuy,Neuquén,2025-12-29,Inactivo,False,24,F
C00393,Santino Santiago Martinez,bsuarez@example.com,+54 15 2532 4204,San Juan,Córdoba,2025-12-04,Nuevo,False,65,F
C00394,Sr(a). Mia Valentina Gonzalez,rodriguezkiara@example.com,+54 9 3416 5162,Bahía Blanca,Córdoba,2025-07-04,Recurrente,False,42,F
C00395,Sr(a). Maximo Rivero,guillermina13@example.net,+54 15 2455 9636,San Ferando del Valle de Catamarca,Santa Fe,2026-06-01,Nuevo,True,69,M
C00396,Joaquin Valdez Benitez,aguirrethiago@example.org,+54 9 3686 7342,Chilecito,Tucumán,2023-08-20,Inactivo,True,62,F
C00397,Tobias Benjamin Martin Juarez,ledesmafrancesco@example.org,+54 9 3486 4518,Santiago del Estero,Neuquén,2025-12-25,Recurrente,True,30,M
C00398,Francesca Bustos,julieta34@example.org,+54 15 2875 6041,Chilecito,Salta,2024-03-10,Recurrente,True,20,F
C00399,Gabriel Romero,pazgenaro@example.net,+54 15 2156 9857,Río Gallegos,Córdoba,2024-04-22,Recurrente,True,48,F
C00400,Santino Benjamin Lopez Acosta,ruizlucia@example.com,+54 15 2712 3829,Santa Fe,Neuquén,2025-03-07,Nuevo,True,63,F
C00401,Facundo Francisca Fernandez Lopez,juan31@example.com,+54 9 3126 6930,San Miguel de Tucumán,Tucumán,2024-12-27,Nuevo,True,63,M
C00402,Sr(a). Mia Morena Bravo,isabellarios@example.net,+54 9 3121 5291,San Luis,CABA,2023-05-30,VIP,False,22,F
C00403,Dr(a). Thiago Nahuel Soria,tgomez@example.org,+54 15 2444 7626,Viedma,Río Negro,2025-12-04,Recurrente,True,37,F
C00404,Jeronimo Emilia Peralta,barias@example.com,+54 9 3839 7359,Mar del Plata,Santa Fe,2024-04-16,Recurrente,True,58,Otro/Prefiero no decir
C00405,Valentin Hernandez Bravo,luz-milagrosvega@example.net,+54 9 3411 8005,Chilecito,Río Negro,2024-03-16,Recurrente,False,53,M
C00406,Máximo Luisana Martin Luna,gonzalezjuan-bautista@example.com,+54 9 3365 2809,Córdoba,Neuquén,2025-08-11,VIP,True,55,M
C00407,Juan Bautista Alexander Lucero,paloma62@example.com,+54 15 2750 2745,Corrientes,Entre Ríos,2023-02-22,Recurrente,False,26,F
C00408,Mora Paulina Perez Sanchez,tiziano-benjamin72@example.net,+54 9 3103 2032,Chilecito,Buenos Aires,2026-03-10,Inactivo,False,43,M
C00409,Mateo Valentin Gomez Escobar,tsosa@example.net,+54 9 3277 1215,Rawson,Neuquén,2024-08-06,Nuevo,True,69,Otro/Prefiero no decir
C00410,Joaquin Mateo Gimenez Perez,maria-victoriavaldez@example.net,+54 15 2161 3715,Corrientes,Córdoba,2026-03-07,Recurrente,True,49,F
C00411,Camila Luna Duarte,martinamedina@example.net,+54 9 3874 9050,Paraná,Misiones,2025-12-18,Nuevo,True,38,F
C00412,Sr(a). Delfina Rodriguez,lourdes18@example.net,+54 9 3216 4236,Constitución,CABA,2025-03-11,VIP,False,64,M
C00413,Mateo Fausto Garcia,juan-ignacioaguirre@example.com,+54 9 3492 5158,Chilecito,Salta,2025-08-17,Nuevo,True,62,F
C00414,Antonio Herrera,bgomez@example.com,+54 15 2866 1085,San Juan,Mendoza,2024-11-13,VIP,False,21,F
C00415,Lara Luz Milagros Soria,garcialorenzo@example.com,+54 9 3522 4386,Neuquén,Misiones,2024-09-22,Recurrente,True,44,M
C00416,Nicolas Avila Gutierrez,qgomez@example.net,+54 9 3254 9180,Merlo,Entre Ríos,2024-08-29,Recurrente,True,71,F
C00417,Joaquin Lopez,ramirezfederico@example.com,+54 9 3379 4523,Mar del Plata,Neuquén,2024-03-10,Recurrente,False,28,F
C00418,Dr(a). Luna Gomez,ruizbenjamin@example.net,+54 9 3676 9749,San Luis,Buenos Aires,2024-10-02,Nuevo,True,24,F
C00419,Luciana Rodriguez,santinogonzalez@example.org,+54 15 2437 2368,Mar del Plata,Santa Fe,2023-02-27,VIP,True,22,M
C00420,Milo Felipe Flores Gomez,esoto@example.org,+54 9 3193 3496,Paraná,CABA,2026-03-24,Recurrente,False,75,M
C00421,Santino Farias Benitez,mponce@example.net,+54 9 3807 6789,Comodoro Rivadavia,Buenos Aires,2024-04-12,Recurrente,False,56,M
C00422,Bruno Flores Sanchez,hpaez@example.com,+54 9 3876 0243,Formosa,Santa Fe,2022-11-14,Nuevo,True,30,F
C00423,Francisco Diaz,mateo-valentin72@example.com,+54 9 3565 7293,San Luis,Chaco,2026-04-03,Recurrente,False,34,M
C00424,Vicente Fernandez Diaz,ariasthiago-joaquin@example.com,+54 9 3533 8005,Formosa,Mendoza,2025-01-14,Nuevo,True,54,M
C00425,Joaquin Alma Mia Gimenez,lorenzo93@example.org,+54 15 2574 5508,Ushuaia,Salta,2025-11-04,Nuevo,True,45,F
C00426,Elena Francisca Juarez,blancosimon@example.com,+54 15 2919 9180,Bahía Blanca,Río Negro,2023-01-13,Recurrente,True,24,F
C00427,Agustín Tiziana Bustos,paloma87@example.net,+54 15 2825 5213,Santa Rosa,Santa Fe,2023-03-31,Recurrente,False,48,M
C00428,Emma Correa Romero,perezthiago-agustin@example.com,+54 9 3732 8632,Santa Rosa,Mendoza,2024-08-20,VIP,True,75,M
C00429,Alfonsina Moyano,juan-david72@example.org,+54 15 2115 5626,San Salvador de Jujuy,CABA,2024-09-06,Recurrente,True,41,M
C00430,Milagros Moreno Mendoza,ciro84@example.net,+54 9 3750 4892,La Rioja,Tucumán,2022-11-06,Nuevo,True,46,F
C00431,Angelina Julian Rios,tomas-benjamin63@example.com,+54 15 2908 5628,Corrientes,Córdoba,2024-05-20,VIP,True,27,M
C00432,Catalina Nicolas Pereyra,benjaminpaez@example.net,+54 9 3634 6810,Córdoba,Río Negro,2025-08-24,Nuevo,False,69,M
C00433,Dr(a). Juan Ignacio Navarro,vgarcia@example.org,+54 9 3453 9989,Formosa,Neuquén,2026-05-20,Nuevo,True,42,M
C00434,Emilia Martín Vera Carrizo,santinogutierrez@example.org,+54 9 3271 2661,La Plata,Entre Ríos,2025-06-22,Inactivo,False,48,M
C00435,Tomas Benjamin Herrera,amparo69@example.net,+54 9 3749 7677,Rosario,Córdoba,2024-05-26,Recurrente,True,75,M
C00436,Felipe Juan Ignacio Vega,ledesmafacundo@example.org,+54 15 2285 1961,Formosa,Buenos Aires,2023-02-19,Recurrente,False,69,M
C00437,Dr(a). Martina Fernandez,julieta70@example.org,+54 15 2396 0443,Rosario,Neuquén,2024-02-07,Nuevo,False,46,F
C00438,Benjamin Molina,ramirezfranco@example.net,+54 9 3956 7922,Salta,Santa Fe,2022-11-20,Inactivo,False,26,F
C00439,Paulina Carrizo,catalina99@example.com,+54 9 3536 5807,Salta,CABA,2023-03-19,Inactivo,True,70,M
C00440,Mateo Ezequiel Vega Silva,lucas18@example.org,+54 15 2498 9098,Río Gallegos,Neuquén,2025-10-20,Nuevo,False,69,F
C00441,Juan Bautista Gonzalez,luisinaperez@example.org,+54 15 2797 1895,Neuquén,Entre Ríos,2025-04-01,Recurrente,True,72,F
C00442,Morena Maidana Romero,mendezjosefina@example.com,+54 15 2311 8242,Córdoba,Salta,2023-05-04,Inactivo,True,62,M
C00443,Felipe Moyano Peralta,joaquin04@example.com,+54 15 2252 6546,La Plata,Chaco,2022-11-08,VIP,True,27,F
C00444,Emma Matias Martinez,rduarte@example.org,+54 9 3778 6170,Salta,Neuquén,2024-08-26,Recurrente,False,24,M
C00445,Ian Ezequiel Benjamin Castro,martinezlautaro-benjamin@example.org,+54 9 3396 7183,Formosa,Neuquén,2024-12-17,VIP,False,73,M
C00446,Sr(a). Sofia Belen Rojas,dgonzalez@example.net,+54 9 3520 0749,Rosario,Tucumán,2024-04-24,VIP,True,59,M
C00447,Angel Gabriel Mansilla,martina89@example.org,+54 9 3716 1284,Rawson,Neuquén,2023-06-20,Recurrente,True,43,F
C00448,Dr(a). Lautaro Nicolas Leiva,qperez@example.com,+54 9 3137 9502,Viedma,Neuquén,2025-02-26,Recurrente,True,43,M
C00449,Benjamin Gonzalez,icoronel@example.org,+54 15 2680 7156,San Salvador de Jujuy,Tucumán,2023-04-24,Recurrente,True,48,M
C00450,Giuliana Nina Velazquez,santiago-nicolas70@example.org,+54 15 2445 3194,Comodoro Rivadavia,Tucumán,2023-02-12,Nuevo,False,37,F
C00451,Nahiara Gonzalez,benjaminvelazquez@example.net,+54 9 3914 9872,Rawson,Salta,2024-08-03,VIP,False,73,F
C00452,Sr(a). Bautista Fernandez,paula38@example.net,+54 9 3830 8948,Constitución,Mendoza,2022-11-17,Inactivo,True,70,F
C00453,Santino Benjamin Leiva,lorenzo64@example.org,+54 9 3575 8030,San Miguel de Tucumán,Misiones,2022-10-28,Recurrente,True,30,F
C00454,Julia Sanchez,catalina90@example.net,+54 15 2561 3325,Mar del Plata,Entre Ríos,2024-03-08,Recurrente,False,73,F
C00455,Martina Benitez Gonzalez,maite31@example.com,+54 15 2850 5831,Río Gallegos,Buenos Aires,2025-10-21,Recurrente,True,37,M
C00456,Lucía Silva Rodriguez,alvarezmateo-agustin@example.net,+54 15 2720 7049,Mar del Plata,Entre Ríos,2022-11-10,Nuevo,False,74,M
C00457,Agostina Castro Garcia,riosrenata@example.net,+54 15 2276 7699,Paraná,Santa Fe,2024-02-22,Nuevo,False,71,F
C00458,Facundo Romero Lopez,lunamaite@example.net,+54 15 2884 5679,Resistencia,Buenos Aires,2023-01-11,Recurrente,False,63,F
C00459,Valentino Martina Fernandez,josefina82@example.org,+54 9 3949 5450,Neuquén,Tucumán,2024-12-14,VIP,True,58,M
C00460,Isabella Bianca Miranda,mromero@example.net,+54 15 2615 3779,Santiago del Estero,Río Negro,2026-01-19,Nuevo,True,56,F
C00461,Dr(a). Mora Flores,chernandez@example.com,+54 15 2403 3793,Chilecito,Salta,2023-04-08,Recurrente,True,28,M
C00462,Micaela Thiago Ruiz Paz,rodriguezmartina@example.org,+54 15 2147 3950,Rawson,Mendoza,2022-08-23,Recurrente,False,36,F
C00463,Emilia Delfina Perez,joaquingonzalez@example.com,+54 15 2502 6153,La Rioja,Buenos Aires,2023-04-25,Nuevo,True,31,M
C00464,Thiago Thiago Lopez,elucero@example.org,+54 15 2623 3865,Viedma,Río Negro,2024-09-21,Nuevo,True,59,F
C00465,Maria Belen Martinez,iangarcia@example.org,+54 9 3830 4289,Rawson,Buenos Aires,2022-10-20,VIP,False,61,F
C00466,Martín Arias Cabrera,pcardozo@example.net,+54 9 3978 7255,San Luis,Santa Fe,2023-04-15,Recurrente,True,18,F
C00467,Thiago Agustin Aguirre,ygodoy@example.net,+54 15 2433 3736,Corrientes,Neuquén,2023-09-10,VIP,True,63,M
C00468,Tomas Benjamin Ortiz,valentina12@example.org,+54 9 3878 5390,Mendoza,Entre Ríos,2026-05-11,VIP,False,47,F
C00469,Dr(a). Pedro Herrera,ysanchez@example.org,+54 15 2573 4151,Rosario,Salta,2024-04-02,Recurrente,True,57,F
C00470,Sr(a). Maia Blanco,sosamanuel@example.com,+54 15 2354 4439,Santiago del Estero,CABA,2023-01-04,Nuevo,False,71,M
C00471,Dr(a). Benjamin Garcia,lleiva@example.net,+54 15 2478 2633,Chilecito,Chaco,2025-11-27,Recurrente,True,37,M
C00472,Agustina Maia Navarro,fromero@example.com,+54 15 2166 3778,Formosa,Salta,2025-07-04,Nuevo,False,58,F
C00473,Dante Valentino Leiva,alma66@example.net,+54 9 3184 5909,San Miguel de Tucumán,Mendoza,2022-08-28,Nuevo,False,75,M
C00474,Felipe Benjamin Alejandro Romero,nchavez@example.com,+54 15 2886 3715,Salta,Córdoba,2025-02-19,Nuevo,False,75,F
C00475,Catalina Santino Castro Gonzalez,mgonzalez@example.org,+54 9 3843 3481,La Plata,Neuquén,2025-05-16,Recurrente,True,26,M
C00476,Maximo Joaquin Mendez Ramirez,fernandezciro@example.net,+54 15 2863 2346,Resistencia,Río Negro,2023-03-31,Recurrente,True,44,F
C00477,Dr(a). Salvador Gimenez,sofia27@example.org,+54 9 3893 8597,La Rioja,Misiones,2025-05-10,Nuevo,False,54,M
C00478,Sr(a). Tiziano Benjamin Garcia,tsosa@example.com,+54 9 3792 6329,La Rioja,Tucumán,2026-02-21,Recurrente,True,52,M
C00479,Thiago Emanuel Lopez,cquiroga@example.org,+54 15 2748 4137,Río Gallegos,Salta,2024-11-21,Inactivo,False,50,F
C00480,Sr(a). Jeronimo Rodriguez,renata24@example.org,+54 15 2770 1765,Santiago del Estero,Santa Fe,2023-01-14,VIP,False,29,F
C00481,Camila Benjamin Gomez,valentina-77@example.com,+54 15 2518 3727,Rosario,Salta,2026-04-14,Nuevo,True,69,M
C00482,Joaquin Benjamin Gomez,qlopez@example.org,+54 9 3927 5230,Rawson,Santa Fe,2023-10-17,Inactivo,False,59,F
C00483,Genaro Miranda,alvarezjulieta@example.org,+54 15 2406 3353,Mar del Plata,Tucumán,2025-11-11,Nuevo,False,44,M
C00484,Ciro Olivera Romero,diazlautaro-nicolas@example.net,+54 15 2620 6815,Posadas,Tucumán,2023-05-21,Recurrente,True,47,M
C00485,Julian Lucas Benjamin Ruiz,delfinasosa@example.org,+54 15 2465 0637,Mar del Plata,Salta,2024-04-30,Nuevo,True,55,M
C00486,Lara Guadalupe Rodriguez Diaz,gvelazquez@example.net,+54 15 2641 9562,Resistencia,CABA,2023-10-28,Recurrente,True,25,M
C00487,Ema Vicente Rodriguez Gonzalez,oalvarez@example.net,+54 15 2289 0309,Corrientes,Entre Ríos,2026-04-07,Recurrente,True,73,M
C00488,Tiziano Benjamin Matilda Rios,guillermina32@example.com,+54 15 2503 9752,Paraná,Santa Fe,2022-11-09,Inactivo,True,54,M
C00489,Maximo Bravo Moreno,martinezmaria-paz@example.com,+54 15 2738 0339,Mendoza,Salta,2023-10-09,Nuevo,False,29,M
C00490,Joaquin Agustín Rodriguez Aguirre,godoyvalentino@example.org,+54 15 2912 9833,Mar del Plata,Salta,2026-06-07,Recurrente,False,38,M
C00491,Lisandro Sanchez,pedrojuarez@example.com,+54 9 3697 3471,San Salvador de Jujuy,Buenos Aires,2025-07-03,Recurrente,True,67,F
C00492,Mateo Benitez,ycoronel@example.com,+54 15 2366 1498,Posadas,Santa Fe,2024-08-21,Recurrente,False,23,F
C00493,Valentina Malena Acosta,irodriguez@example.net,+54 9 3632 3008,Chilecito,Entre Ríos,2024-02-13,Recurrente,True,48,F
C00494,Gabriel Acuña,olivia49@example.org,+54 9 3701 6923,Córdoba,Buenos Aires,2026-07-01,Recurrente,False,18,M
C00495,Bianca Pilar Castillo Quiroga,pponce@example.com,+54 15 2350 2497,Córdoba,Chaco,2025-03-21,Nuevo,False,58,M
C00496,Juan Martin Oriana Mansilla,morenosantino-gabriel@example.com,+54 15 2583 6264,Mendoza,Córdoba,2022-09-01,Recurrente,True,26,F
C00497,Dr(a). Maria Victoria Ponce,gomezfranco@example.com,+54 15 2843 6402,Constitución,Chaco,2025-08-17,Recurrente,True,70,F
C00498,Bautista Quiroga Pereyra,xlopez@example.org,+54 15 2437 2817,Resistencia,Mendoza,2025-03-27,Recurrente,True,51,F
C00499,Isabella Joaquin Coronel,nbenitez@example.org,+54 15 2214 1614,Paraná,Río Negro,2023-08-27,Inactivo,True,75,M
C00500,Maria Victoria Suarez Carrizo,perezivan@example.net,+54 15 2913 8069,Río Gallegos,Córdoba,2023-01-08,Nuevo,False,69,F
C00501,Paula Agustin Romero Flores,angel-gabriel35@example.net,+54 9 3169 0551,La Rioja,Córdoba,2024-02-06,Nuevo,False,31,M
C00502,Lisandro Paez,aguerovictoria@example.net,+54 15 2457 9786,Constitución,Neuquén,2023-03-04,Recurrente,True,63,M
C00503,Benjamin Benicio Gonzalez Cordoba,fmartinez@example.com,+54 15 2456 7164,San Luis,Buenos Aires,2023-12-02,Recurrente,True,67,M
C00504,Tiziana Thiago Lionel Caceres,fernandezvioleta@example.com,+54 9 3427 1783,Rawson,Buenos Aires,2025-06-26,Recurrente,True,24,M
C00505,Zoe Milagros Gomez,fernandezalexander@example.com,+54 9 3834 7128,Mar del Plata,Buenos Aires,2024-05-10,Nuevo,True,46,F
C00506,Luna Isabel Vazquez Juarez,vbustos@example.net,+54 9 3586 3341,Mar del Plata,Chaco,2025-03-11,Nuevo,False,31,M
C00507,Catalina Villalba Maidana,silvajuan-ignacio@example.com,+54 9 3490 4098,Santiago del Estero,Río Negro,2025-08-05,Nuevo,True,24,M
C00508,Giovanni Sanchez,maximojuarez@example.org,+54 15 2560 8752,Rosario,Mendoza,2024-01-29,Recurrente,False,44,M
C00509,Guillermina Facundo Juarez,juarezjosefina@example.net,+54 15 2749 7374,La Plata,CABA,2023-03-15,Recurrente,True,36,F
C00510,Felipe Lucio Farias Maidana,blancooctavio@example.com,+54 9 3742 0865,San Juan,CABA,2023-07-08,Recurrente,True,67,F
C00511,Juan Sebastian Navarro,emilia38@example.com,+54 15 2325 9047,Neuquén,Chaco,2024-03-07,Inactivo,True,44,F
C00512,Simon Jazmin Escobar,abrilgonzalez@example.net,+54 15 2626 6201,Chilecito,Buenos Aires,2023-06-16,Recurrente,False,62,M
C00513,Rosario Juan Ignacio Gutierrez,omartin@example.net,+54 9 3530 1367,San Luis,Tucumán,2023-12-21,Nuevo,True,23,M
C00514,Sr(a). Jeremias Torres,ramossantino-ezequiel@example.net,+54 9 3247 5011,Bahía Blanca,Neuquén,2025-05-20,Recurrente,True,23,M
C00515,Santino Benjamin Bustos,vperez@example.org,+54 15 2267 6492,Paraná,CABA,2023-07-08,Recurrente,True,34,M
C00516,Luz Milagros Guzman Rojas,ruizsara@example.net,+54 9 3218 9813,Resistencia,Salta,2024-03-28,Inactivo,True,47,F
C00517,Sr(a). Benjamin Acosta,fernandezsofia@example.org,+54 15 2584 0118,Formosa,Santa Fe,2023-11-16,VIP,False,41,M
C00518,Sr(a). Pedro Leiva,isabella84@example.net,+54 9 3929 7585,Mendoza,Tucumán,2022-08-14,Recurrente,True,72,M
C00519,Luciano Antonella Gonzalez,julietamiranda@example.org,+54 15 2295 4296,Posadas,Buenos Aires,2022-10-06,Nuevo,True,59,F
C00520,Thiago Benjamin Lara Lopez Medina,jacuna@example.net,+54 15 2314 3598,Santa Rosa,Tucumán,2026-05-25,VIP,False,35,M
C00521,Josefina Maia Alvarez,bautistagomez@example.org,+54 9 3315 1554,Santiago del Estero,CABA,2026-06-22,Recurrente,True,25,F
C00522,Victoria Santino Chavez,vargasjuan-ignacio@example.net,+54 9 3597 1859,Posadas,Salta,2023-07-04,Nuevo,True,72,F
C00523,Sofía Alfonsina Lopez Leiva,luciana88@example.net,+54 9 3379 2408,San Juan,Entre Ríos,2024-03-05,Recurrente,False,25,F
C00524,Felipe Tiziano Perez,lucia39@example.com,+54 9 3527 5784,Santa Rosa,Misiones,2026-04-16,Nuevo,False,28,F
C00525,Sr(a). Julieta Mendez,fvazquez@example.net,+54 15 2213 1290,Merlo,Neuquén,2026-05-29,Recurrente,True,46,F
C00526,Lautaro Benjamin Morena Hernandez Soto,jazmingutierrez@example.net,+54 15 2960 9306,Merlo,Entre Ríos,2024-04-24,VIP,True,73,M
C00527,Emma Tiziano Benjamin Duarte Paz,cabreraciro-benjamin@example.net,+54 15 2121 5285,Santa Rosa,Misiones,2026-02-20,Inactivo,True,49,F
C00528,Olivia Torres,ludmilaroldan@example.org,+54 9 3747 4430,Rawson,Entre Ríos,2023-01-26,Recurrente,True,59,F
C00529,Alexander Rafael Gutierrez Escobar,wromero@example.org,+54 15 2752 6501,Chilecito,Misiones,2026-05-11,VIP,True,65,M
C00530,Catalina Agustina Fernandez,xgonzalez@example.net,+54 9 3737 6545,Ushuaia,Neuquén,2023-02-10,Nuevo,False,73,F
C00531,Mateo Benjamin Thiago Benjamin Olivera,wlopez@example.net,+54 9 3105 3134,San Ferando del Valle de Catamarca,Chaco,2025-03-29,Recurrente,True,45,M
C00532,Ciro Romero,santino-agustincampos@example.com,+54 15 2767 8725,Mendoza,Córdoba,2022-09-29,Recurrente,False,59,F
C00533,Valentino Campos,felipegimenez@example.net,+54 15 2805 6906,Corrientes,Chaco,2025-10-15,VIP,True,18,M
C00534,Pilar Alejo Martinez Fernandez,emiliagomez@example.com,+54 15 2363 7189,Rawson,Santa Fe,2024-08-29,Recurrente,True,49,M
C00535,Sr(a). Francisco Fernandez,alexanderflores@example.net,+54 15 2410 6684,Comodoro Rivadavia,CABA,2022-10-09,VIP,True,39,Otro/Prefiero no decir
C00536,Pedro Isabella Flores Rodriguez,emilia56@example.org,+54 9 3402 0005,Corrientes,Buenos Aires,2023-01-21,Recurrente,True,42,F
C00537,Emilia Juarez,santino-agustin55@example.com,+54 15 2610 8255,Merlo,Córdoba,2024-05-04,Nuevo,True,54,F
C00538,Dr(a). Emma Perez,paezvalentino@example.net,+54 15 2209 3371,Posadas,Salta,2024-12-14,Recurrente,True,49,M
C00539,Dr(a). Julieta Herrera,martinalopez@example.net,+54 9 3285 5716,Chilecito,Buenos Aires,2025-08-29,Nuevo,True,53,M
C00540,Bruno Moyano,matiasquiroga@example.org,+54 9 3909 0367,Santiago del Estero,CABA,2025-10-12,VIP,False,58,F
C00541,Sr(a). Mateo Cardozo,rruiz@example.org,+54 15 2902 9390,La Rioja,Chaco,2024-02-26,Recurrente,False,47,Otro/Prefiero no decir
C00542,Dr(a). Julieta Diaz,lopezisabella@example.org,+54 9 3402 4240,Rosario,Tucumán,2025-06-13,VIP,False,72,F
C00543,Mateo Benjamin Benjamin Sosa,juan-cruz84@example.net,+54 15 2669 4500,Comodoro Rivadavia,Chaco,2025-01-14,VIP,True,63,M
C00544,Joaquin Emanuel Rojas Chavez,munozluciano@example.net,+54 9 3598 3735,Rawson,Misiones,2025-09-23,Recurrente,True,60,F
C00545,Dr(a). Felipe Martinez,felipe71@example.com,+54 15 2372 2397,Salta,Tucumán,2025-07-10,Recurrente,True,69,F
C00546,Benjamin Mateo Lopez Ruiz,fernandezpedro@example.com,+54 9 3718 2091,San Salvador de Jujuy,Chaco,2025-01-18,Recurrente,True,75,F
C00547,Santino Gonzalez Rivero,valentinarodriguez@example.org,+54 15 2301 8513,Chilecito,Santa Fe,2026-05-10,VIP,False,44,F
C00548,Dr(a). Augusto Sanchez,isabellaledesma@example.net,+54 15 2900 1841,Ushuaia,Neuquén,2024-07-13,Nuevo,True,72,F
C00549,Valentino Bustos,walvarez@example.net,+54 9 3436 1721,Bahía Blanca,Salta,2022-09-18,VIP,True,39,F
C00550,Benicio Mora Gomez Blanco,juarezjoaquin@example.net,+54 9 3592 6249,Formosa,Entre Ríos,2026-04-18,Nuevo,True,61,M
C00551,Victoria Aguirre Torres,caceresmorena-jazmin@example.org,+54 15 2252 6771,Neuquén,Salta,2023-09-05,Recurrente,True,50,F
C00552,Rafael Garcia,joaquinalvarez@example.com,+54 9 3467 6952,San Salvador de Jujuy,Salta,2022-12-24,Nuevo,False,53,M
C00553,Nicolas Rojas,olivianunez@example.com,+54 15 2613 5030,Posadas,Neuquén,2024-08-02,Recurrente,True,29,M
C00554,Gino Ayala,benicio24@example.com,+54 15 2386 3330,Bahía Blanca,Santa Fe,2022-11-09,Recurrente,True,42,M
C00555,Olivia Benjamin Soto,dominguezbautista@example.net,+54 15 2202 5213,Constitución,Neuquén,2024-02-08,VIP,True,42,F
C00556,Dr(a). Felipe Lopez,valentin57@example.net,+54 15 2341 2009,Mendoza,Neuquén,2025-08-04,Inactivo,False,35,F
C00557,Benjamin Zoe Jazmin Peralta,alma-jazmin84@example.net,+54 15 2362 4186,Merlo,Tucumán,2026-02-13,Inactivo,True,26,F
C00558,Camila Isabella Ruiz,maldonadovalentin@example.com,+54 9 3562 0563,Bahía Blanca,Neuquén,2025-11-27,Recurrente,False,37,M
C00559,Bautista Juarez Farias,mateo11@example.org,+54 15 2543 8303,Mar del Plata,Chaco,2022-09-23,VIP,False,53,M
C00560,Sr(a). Lucas Caceres,catalina40@example.com,+54 9 3368 3565,San Luis,Córdoba,2022-10-19,Nuevo,False,61,F
C00561,Ignacio Escobar Gimenez,benjaminarias@example.com,+54 15 2442 2711,Ushuaia,Río Negro,2024-08-16,Nuevo,False,29,M
C00562,Micaela Ambar Vazquez,tomas25@example.com,+54 9 3296 0633,San Ferando del Valle de Catamarca,Misiones,2023-04-06,Recurrente,False,66,F
C00563,Dr(a). Catalina Gonzalez,manuel17@example.org,+54 9 3652 4214,Formosa,Salta,2025-09-06,Recurrente,False,63,F
C00564,Bautista Vega Medina,paulina72@example.org,+54 9 3305 4669,La Rioja,Misiones,2026-07-24,VIP,True,74,M
C00565,Agustina Julian Sanchez Rodriguez,rperez@example.org,+54 15 2738 0214,Resistencia,Buenos Aires,2024-04-08,Recurrente,True,27,F
C00566,Dr(a). Elena Diaz,sosavalentin@example.net,+54 9 3411 2166,San Salvador de Jujuy,Buenos Aires,2026-02-11,Nuevo,False,28,Otro/Prefiero no decir
C00567,Bautista Alma Juarez Diaz,garciamartina@example.org,+54 9 3723 5909,La Plata,Río Negro,2025-08-01,Nuevo,False,62,M
C00568,Francesco Ema Diaz Diaz,operez@example.org,+54 15 2821 4614,Santiago del Estero,Córdoba,2022-09-16,VIP,True,70,F
C00569,Bruno Carrizo,gomezsantino-nicolas@example.com,+54 9 3923 5677,San Luis,Neuquén,2023-08-28,VIP,False,73,F
C00570,Lucía  Lorenzo Bustos,castroluciano-benjamin@example.org,+54 15 2399 2550,Ushuaia,Río Negro,2024-11-24,Recurrente,True,68,M
C00571,Lucas Benjamin Aguirre,uperez@example.org,+54 9 3427 9103,Santa Rosa,Misiones,2023-11-19,Nuevo,False,42,F
C00572,Sr(a). Juan Martin Diaz,emanuelsilva@example.org,+54 9 3850 4481,Salta,Río Negro,2023-06-16,Recurrente,True,18,M
C00573,Renata Sosa,wpereyra@example.com,+54 15 2327 6528,Posadas,Córdoba,2025-12-05,Recurrente,False,73,F
C00574,Olivia Farias,sgodoy@example.net,+54 15 2211 1096,Chilecito,Córdoba,2025-05-15,Inactivo,False,59,F
C00575,Sr(a). Juan Manuel Gimenez,mia-jazmin33@example.com,+54 9 3713 7157,San Miguel de Tucumán,Neuquén,2025-11-03,Recurrente,True,67,M
C00576,Benjamin Torres,thiago-benjamin44@example.com,+54 15 2606 0002,Rosario,Córdoba,2023-07-07,Nuevo,True,61,F
C00577,Dr(a). Ignacio Campos,lautaro-benjaminruiz@example.net,+54 9 3709 6262,Ushuaia,Santa Fe,2026-08-03,Recurrente,True,20,F
C00578,Agustina Lorenzo Gomez Figueroa,omansilla@example.com,+54 15 2153 1106,Salta,Chaco,2024-08-19,Nuevo,True,72,F
C00579,Sr(a). Martina Vega,silvabenjamin@example.net,+54 15 2475 2334,Posadas,Tucumán,2026-04-19,Recurrente,False,20,F
C00580,Ian Benjamin Micaela Alvarez,perezlucas-benjamin@example.net,+54 15 2291 1791,San Ferando del Valle de Catamarca,Tucumán,2023-08-29,Recurrente,False,58,M
C00581,Thiago Benjamin Joaquin Rodriguez Farias,francescaaguirre@example.org,+54 9 3617 1366,Salta,Río Negro,2026-04-08,Recurrente,False,53,F
C00582,Alma Valentina Lopez,milagrosmorales@example.org,+54 15 2155 7998,Resistencia,Misiones,2022-08-28,Recurrente,True,29,M
C00583,Dr(a). Gabriel Lopez,gutierrezalejo@example.org,+54 9 3213 0523,Merlo,Chaco,2022-09-26,Nuevo,True,43,F
C00584,Thiago Benjamin Jazmin Moyano,valentin76@example.net,+54 9 3234 2346,Neuquén,Córdoba,2024-01-05,VIP,False,39,F
C00585,Dr(a). Mateo Diaz,bcruz@example.net,+54 9 3459 1966,Neuquén,Córdoba,2025-07-03,Inactivo,True,48,Otro/Prefiero no decir
C00586,Thiago Juan Manuel Rodriguez Lopez,maria-victoria49@example.net,+54 9 3360 1256,Formosa,Río Negro,2022-10-02,Nuevo,False,46,F
C00587,Bautista Ambar Torres,gonzalezluciano@example.net,+54 9 3237 9538,San Salvador de Jujuy,Río Negro,2025-09-25,Recurrente,True,20,M
C00588,Juan Martin Bruno Gomez Garcia,silvamia-valentina@example.net,+54 9 3855 3307,La Plata,Tucumán,2025-01-18,Recurrente,False,25,F
C00589,Ciro Juan Ignacio Lopez Romero,garciamia-valentina@example.net,+54 15 2974 2608,La Plata,Chaco,2024-02-24,Recurrente,True,51,M
C00590,Mia Valentina Bautista Gomez Figueroa,josefina56@example.org,+54 9 3879 0647,Santiago del Estero,Tucumán,2025-07-05,Recurrente,True,49,F
C00591,Valentina Jazmin Acuña Gomez,fernandezpriscila@example.net,+54 9 3132 1358,San Miguel de Tucumán,Río Negro,2023-07-07,Nuevo,True,24,F
C00592,Thiago Benjamin Caceres Gomez,perezluciano@example.com,+54 9 3622 9712,Santiago del Estero,Chaco,2026-05-28,Recurrente,True,31,M
C00593,Gonzalo Tomas Benjamin Martin,hcarrizo@example.net,+54 15 2497 7457,Mar del Plata,Córdoba,2024-04-08,VIP,True,24,F
C00594,Bautista Benjamin Luz Milagros Sosa Miranda,julianarodriguez@example.com,+54 15 2830 3763,Bahía Blanca,Misiones,2023-08-03,VIP,False,45,M
C00595,Sofia Salvador Pereyra Mendez,paloma28@example.org,+54 15 2435 6798,Río Gallegos,CABA,2025-08-29,Recurrente,True,47,M
C00596,Santiago Garcia,oriana91@example.org,+54 9 3511 3072,Constitución,Buenos Aires,2023-04-10,Nuevo,True,68,F
C00597,Antonella Acosta,sosadelfina@example.com,+54 9 3285 0745,La Plata,CABA,2023-09-06,Recurrente,True,34,F
C00598,Maria Paz Flores,rlopez@example.net,+54 9 3486 1031,Bahía Blanca,Salta,2023-10-17,Recurrente,True,19,F
C00599,Kiara Silva Martinez,francisco96@example.com,+54 9 3413 4732,Formosa,CABA,2024-09-29,Recurrente,True,57,F
C00600,Lucia Emilia Gonzalez Lopez,sponce@example.org,+54 15 2351 2257,Constitución,Misiones,2026-04-01,Recurrente,False,22,F
